profile_id,university_id,applied,applied_date,admitted,admitted_date,rejected,rejected_date,created_at,updated_at,term,year
1,61,t,00:00.0,,,,,12:43.0,12:43.0,Fall,2019
2,61,t,00:00.0,,,,,12:43.0,12:43.0,Spring,2020
3,61,t,00:00.0,,,,,12:43.0,12:43.0,Fall,2019
4,61,t,00:00.0,,,,,12:43.0,12:43.0,Spring,2020
5,61,t,00:00.0,,,,,12:43.0,12:43.0,Fall,2019
6,61,t,00:00.0,,,,,12:43.0,12:43.0,Spring,2020
7,61,t,00:00.0,,,,,12:43.0,12:43.0,Fall,2019
8,61,t,00:00.0,,,,,12:43.0,12:43.0,Spring,2020
9,61,t,00:00.0,,,,,12:43.0,12:43.0,Fall,2019
10,61,t,00:00.0,,,,,12:43.0,12:43.0,Spring,2020
11,61,t,00:00.0,,,,,12:43.0,12:43.0,Fall,2019
12,61,t,00:00.0,,,,,12:43.0,12:43.0,Spring,2020
13,61,t,00:00.0,,,,,12:43.0,12:43.0,Fall,2019
14,61,t,00:00.0,,,,,12:43.0,12:43.0,Spring,2019
15,61,t,00:00.0,,,,,12:43.0,12:43.0,Fall,2019
16,61,t,00:00.0,,,,,12:43.0,12:43.0,Spring,2019
17,61,t,00:00.0,,,,,12:43.0,12:43.0,Fall,2019
18,61,t,00:00.0,,,,,12:43.0,12:43.0,Spring,2019
19,61,t,00:00.0,,,,,12:43.0,12:43.0,Fall,2019
20,61,t,00:00.0,,,,,12:43.0,12:43.0,Spring,2019
21,61,t,00:00.0,,,,,12:43.0,12:43.0,Fall,2019
22,61,t,00:00.0,,,,,12:43.0,12:43.0,Spring,2019
23,61,t,00:00.0,,,,,12:43.0,12:43.0,Fall,2019
24,61,t,00:00.0,,,,,12:43.0,12:43.0,Spring,2019
25,61,t,00:00.0,,,,,12:43.0,12:43.0,Fall,2019
26,61,t,00:00.0,,,,,12:43.0,12:43.0,Spring,2019
27,61,t,00:00.0,,,,,12:43.0,12:43.0,Fall,2019
28,61,t,00:00.0,,,,,12:43.0,12:43.0,Spring,2019
29,61,t,00:00.0,,,,,12:43.0,12:43.0,Fall,2019
30,61,t,00:00.0,,,,,12:43.0,12:43.0,Spring,2019
31,61,t,00:00.0,,,,,12:43.0,12:43.0,Fall,2019
32,61,t,00:00.0,,,,,12:43.0,12:43.0,Spring,2019
33,61,t,00:00.0,,,,,12:43.0,12:43.0,Fall,2019
34,61,t,00:00.0,,,,,12:43.0,12:43.0,Spring,2019
35,61,t,00:00.0,,,,,12:43.0,12:43.0,Fall,2019
36,61,t,00:00.0,,,,,12:43.0,12:43.0,Spring,2019
37,61,t,00:00.0,,,,,12:43.0,12:43.0,Fall,2019
38,61,t,00:00.0,,,,,12:43.0,12:43.0,Spring,2019
39,61,t,00:00.0,,,,,12:43.0,12:43.0,Fall,2019
40,61,t,00:00.0,,,,,12:43.0,12:43.0,Spring,2019
41,61,t,00:00.0,,,,,12:43.0,12:43.0,Fall,2019
42,61,t,00:00.0,,,,,12:43.0,12:43.0,Spring,2019
43,61,t,00:00.0,,,,,12:43.0,12:43.0,Fall,2019
44,61,t,00:00.0,,,,,12:43.0,12:43.0,Spring,2019
45,61,t,00:00.0,,,,,12:43.0,12:43.0,Fall,2019
46,61,t,00:00.0,,,,,12:43.0,12:43.0,Spring,2019
47,61,t,00:00.0,,,,,12:43.0,12:43.0,Fall,2019
48,61,t,00:00.0,,,,,12:43.0,12:43.0,Spring,2019
49,61,t,00:00.0,,,,,12:43.0,12:43.0,Fall,2019
50,61,t,00:00.0,,,,,12:43.0,12:43.0,Spring,2019
51,61,t,00:00.0,,,,,12:43.0,12:43.0,Fall,2019
52,61,t,00:00.0,,,,,12:43.0,12:43.0,Spring,2019
53,61,t,00:00.0,,,,,12:43.0,12:43.0,Fall,2019
54,61,t,00:00.0,,,,,12:43.0,12:43.0,Spring,2019
55,61,t,00:00.0,,,,,12:43.0,12:43.0,Fall,2019
56,61,t,00:00.0,,,,,12:43.0,12:43.0,Spring,2019
57,61,t,00:00.0,,,,,12:43.0,12:43.0,Fall,2019
58,61,t,00:00.0,,,,,12:43.0,12:43.0,Spring,2019
59,61,t,00:00.0,,,,,12:43.0,12:43.0,Fall,2019
60,61,t,00:00.0,,,,,12:43.0,12:43.0,Spring,2019
61,61,t,00:00.0,,,,,12:43.0,12:43.0,Fall,2019
62,61,t,00:00.0,,,,,12:43.0,12:43.0,Spring,2019
63,61,t,00:00.0,,,,,12:43.0,12:43.0,Fall,2019
64,61,t,00:00.0,,,,,12:43.0,12:43.0,Spring,2019
65,61,t,00:00.0,,,,,12:43.0,12:43.0,Fall,2019
66,61,t,00:00.0,,,,,12:43.0,12:43.0,Spring,2019
67,61,t,00:00.0,,,,,12:43.0,12:43.0,Fall,2019
68,61,t,00:00.0,,,,,12:43.0,12:43.0,Spring,2019
69,61,t,00:00.0,,,,,12:43.0,12:43.0,Fall,2019
70,61,t,00:00.0,,,,,12:43.0,12:43.0,Spring,2019
71,61,t,00:00.0,,,,,12:43.0,12:43.0,Fall,2019
72,61,t,00:00.0,,,,,12:43.0,12:43.0,Spring,2019
73,61,t,00:00.0,,,,,12:43.0,12:43.0,Fall,2019
74,61,t,00:00.0,,,,,12:43.0,12:43.0,Spring,2019
75,61,t,00:00.0,,,,,12:43.0,12:43.0,Fall,2019
76,61,t,00:00.0,,,,,12:43.0,12:43.0,Spring,2019
77,61,t,00:00.0,,,,,12:43.0,12:43.0,Fall,2019
78,61,t,00:00.0,,,,,12:43.0,12:43.0,Spring,2019
79,61,t,00:00.0,,,,,12:43.0,12:43.0,Fall,2019
80,61,t,00:00.0,,,,,12:43.0,12:43.0,Spring,2019
81,61,t,00:00.0,,,,,12:43.0,12:43.0,Fall,2019
82,61,t,00:00.0,,,,,12:43.0,12:43.0,Spring,2019
83,61,t,00:00.0,,,,,12:43.0,12:43.0,Fall,2019
84,61,t,00:00.0,,,,,12:43.0,12:43.0,Spring,2019
85,61,t,00:00.0,,,,,12:43.0,12:43.0,Fall,2019
86,61,t,00:00.0,,,,,12:43.0,12:43.0,Spring,2019
87,61,t,00:00.0,,,,,12:43.0,12:43.0,Fall,2019
88,61,t,00:00.0,,,,,12:43.0,12:43.0,Spring,2019
89,61,t,00:00.0,,,,,12:43.0,12:43.0,Fall,2019
90,61,t,00:00.0,,,,,12:43.0,12:43.0,Spring,2019
91,61,t,00:00.0,,,,,12:43.0,12:43.0,Fall,2019
92,61,t,00:00.0,,,,,12:43.0,12:43.0,Spring,2019
93,61,t,00:00.0,,,,,12:43.0,12:43.0,Fall,2019
94,61,t,00:00.0,,,,,12:43.0,12:43.0,Spring,2019
95,61,t,00:00.0,,,,,12:43.0,12:43.0,Fall,2019
96,61,t,00:00.0,,,,,12:43.0,12:43.0,Spring,2019
97,61,t,00:00.0,,,,,12:43.0,12:43.0,Fall,2019
98,61,t,00:00.0,,,,,12:43.0,12:43.0,Spring,2019
99,61,t,00:00.0,,,,,12:43.0,12:43.0,Fall,2019
100,61,t,00:00.0,,,,,12:43.0,12:43.0,Spring,2019
101,61,t,00:00.0,,,,,12:43.0,12:43.0,Fall,2019
102,61,t,00:00.0,,,,,12:43.0,12:43.0,Spring,2019
103,61,t,00:00.0,,,,,12:43.0,12:43.0,Fall,2019
104,61,t,00:00.0,,,,,12:43.0,12:43.0,Spring,2019
105,61,t,00:00.0,,,,,12:43.0,12:43.0,Fall,2019
106,61,t,00:00.0,,,,,12:43.0,12:43.0,Spring,2019
107,61,t,00:00.0,,,,,12:43.0,12:43.0,Fall,2019
108,61,t,00:00.0,,,,,12:43.0,12:43.0,Spring,2019
109,61,t,00:00.0,,,,,12:43.0,12:43.0,Fall,2019
110,61,t,00:00.0,,,,,12:43.0,12:43.0,Spring,2019
111,61,t,00:00.0,,,,,12:43.0,12:43.0,Fall,2019
112,61,t,00:00.0,,,,,12:43.0,12:43.0,Spring,2019
113,61,t,00:00.0,,,,,12:43.0,12:43.0,Fall,2019
114,61,t,00:00.0,,,,,12:43.0,12:43.0,Spring,2019
115,61,t,00:00.0,,,,,12:43.0,12:43.0,Fall,2019
116,61,t,00:00.0,,,,,12:43.0,12:43.0,Spring,2019
117,61,t,00:00.0,,,,,12:43.0,12:43.0,Fall,2019
118,61,t,00:00.0,,,,,12:43.0,12:43.0,Spring,2019
119,61,t,00:00.0,,,,,12:43.0,12:43.0,Fall,2019
120,61,t,00:00.0,,,,,12:43.0,12:43.0,Spring,2019
121,61,t,00:00.0,,,,,12:43.0,12:43.0,Fall,2019
122,61,t,00:00.0,,,,,12:43.0,12:43.0,Spring,2019
123,61,t,00:00.0,,,,,12:43.0,12:43.0,Fall,2019
124,61,t,00:00.0,,,,,12:43.0,12:43.0,Spring,2019
125,61,t,00:00.0,,,,,12:43.0,12:43.0,Fall,2019
126,61,t,00:00.0,,,,,12:43.0,12:43.0,Spring,2019
127,61,t,00:00.0,,,,,12:43.0,12:43.0,Fall,2019
128,61,t,00:00.0,,,,,12:43.0,12:43.0,Spring,2019
129,61,t,00:00.0,,,,,12:43.0,12:43.0,Fall,2019
130,61,t,00:00.0,,,,,12:43.0,12:43.0,Spring,2019
131,61,t,00:00.0,,,,,12:43.0,12:43.0,Fall,2019
132,61,t,00:00.0,,,,,12:43.0,12:43.0,Spring,2019
133,61,t,00:00.0,,,,,12:43.0,12:43.0,Fall,2019
134,61,t,00:00.0,,,,,12:43.0,12:43.0,Spring,2019
135,61,t,00:00.0,,,,,12:43.0,12:43.0,Fall,2019
136,61,t,00:00.0,,,,,12:43.0,12:43.0,Spring,2019
137,61,t,00:00.0,,,,,12:43.0,12:43.0,Fall,2019
138,61,t,00:00.0,,,,,12:43.0,12:43.0,Spring,2019
139,61,t,00:00.0,,,,,12:43.0,12:43.0,Fall,2019
140,61,t,00:00.0,,,,,12:43.0,12:43.0,Spring,2019
141,61,t,00:00.0,,,,,12:43.0,12:43.0,Fall,2019
142,61,t,00:00.0,,,,,12:43.0,12:43.0,Spring,2019
143,61,t,00:00.0,,,,,12:43.0,12:43.0,Fall,2019
144,61,t,00:00.0,,,,,12:43.0,12:43.0,Spring,2019
145,61,t,00:00.0,,,,,12:43.0,12:43.0,Fall,2019
146,61,t,00:00.0,,,,,12:43.0,12:43.0,Spring,2019
147,61,t,00:00.0,,,,,12:43.0,12:43.0,Fall,2019
148,61,t,00:00.0,,,,,12:43.0,12:43.0,Spring,2019
149,61,t,00:00.0,,,,,12:43.0,12:43.0,Fall,2019
150,61,t,00:00.0,,,,,12:43.0,12:43.0,Spring,2019
151,61,t,00:00.0,,,,,12:43.0,12:43.0,Fall,2019
152,61,t,00:00.0,,,,,12:43.0,12:43.0,Spring,2019
153,61,t,00:00.0,,,,,12:43.0,12:43.0,Fall,2019
154,61,t,00:00.0,,,,,12:43.0,12:43.0,Spring,2019
155,61,t,00:00.0,,,,,12:43.0,12:43.0,Fall,2019
156,61,t,00:00.0,,,,,12:43.0,12:43.0,Spring,2019
157,61,t,00:00.0,,,,,12:43.0,12:43.0,Fall,2019
158,61,t,00:00.0,,,,,12:43.0,12:43.0,Spring,2019
159,61,t,00:00.0,,,,,12:43.0,12:43.0,Fall,2019
160,61,t,00:00.0,,,,,12:43.0,12:43.0,Spring,2019
161,61,t,00:00.0,,,,,12:43.0,12:43.0,Fall,2019
162,61,t,00:00.0,,,,,12:43.0,12:43.0,Spring,2019
163,61,t,00:00.0,,,,,12:43.0,12:43.0,Fall,2019
164,61,t,00:00.0,,,,,12:43.0,12:43.0,Spring,2019
165,61,t,00:00.0,,,,,12:43.0,12:43.0,Fall,2019
166,61,t,00:00.0,,,,,12:43.0,12:43.0,Spring,2019
167,61,t,00:00.0,,,,,12:43.0,12:43.0,Fall,2019
168,61,t,00:00.0,,,,,12:43.0,12:43.0,Spring,2019
169,61,t,00:00.0,,,,,12:43.0,12:43.0,Fall,2019
170,61,t,00:00.0,,,,,12:43.0,12:43.0,Spring,2019
171,61,t,00:00.0,,,,,12:43.0,12:43.0,Fall,2019
172,61,t,00:00.0,,,,,12:43.0,12:43.0,Spring,2019
173,61,t,00:00.0,,,,,12:43.0,12:43.0,Fall,2019
174,61,t,00:00.0,,,,,12:43.0,12:43.0,Spring,2019
175,61,t,00:00.0,,,,,12:43.0,12:43.0,Fall,2019
176,61,t,00:00.0,,,,,12:43.0,12:43.0,Spring,2019
177,61,t,00:00.0,,,,,12:43.0,12:43.0,Fall,2019
178,61,t,00:00.0,,,,,12:43.0,12:43.0,Spring,2019
179,61,t,00:00.0,,,,,12:43.0,12:43.0,Fall,2019
180,61,t,00:00.0,,,,,12:43.0,12:43.0,Spring,2019
181,61,t,00:00.0,,,,,12:43.0,12:43.0,Fall,2019
182,61,t,00:00.0,,,,,12:43.0,12:43.0,Spring,2019
183,61,t,00:00.0,,,,,12:43.0,12:43.0,Fall,2019
184,61,t,00:00.0,,,,,12:43.0,12:43.0,Spring,2019
185,61,t,00:00.0,,,,,12:43.0,12:43.0,Fall,2019
186,61,t,00:00.0,,,,,12:43.0,12:43.0,Spring,2019
187,61,t,00:00.0,,,,,12:43.0,12:43.0,Fall,2019
188,61,t,00:00.0,,,,,12:43.0,12:43.0,Spring,2019
189,61,t,00:00.0,,,,,12:43.0,12:43.0,Fall,2019
190,61,t,00:00.0,,,,,12:43.0,12:43.0,Spring,2019
191,61,t,00:00.0,,,,,12:43.0,12:43.0,Fall,2019
192,61,t,00:00.0,,,,,12:43.0,12:43.0,Spring,2019
193,61,t,00:00.0,,,,,12:43.0,12:43.0,Fall,2019
194,61,t,00:00.0,,,,,12:43.0,12:43.0,Spring,2019
195,61,t,00:00.0,,,,,12:43.0,12:43.0,Fall,2019
196,61,t,00:00.0,,,,,12:43.0,12:43.0,Spring,2019
197,61,t,00:00.0,,,,,12:43.0,12:43.0,Fall,2019
198,61,t,00:00.0,,,,,12:43.0,12:43.0,Spring,2019
199,61,t,00:00.0,,,,,12:43.0,12:43.0,Fall,2019
200,61,t,00:00.0,,,,,12:43.0,12:43.0,Spring,2019
201,61,t,00:00.0,,,,,12:43.0,12:43.0,Fall,2019
202,61,t,00:00.0,,,,,12:43.0,12:43.0,Spring,2019
203,61,t,00:00.0,,,,,12:43.0,12:43.0,Fall,2019
204,61,t,00:00.0,,,,,12:43.0,12:43.0,Spring,2019
205,61,t,00:00.0,,,,,12:43.0,12:43.0,Fall,2019
206,61,t,00:00.0,,,,,12:43.0,12:43.0,Spring,2019
207,61,t,00:00.0,,,,,12:43.0,12:43.0,Fall,2019
208,61,t,00:00.0,,,,,12:43.0,12:43.0,Spring,2019
209,61,t,00:00.0,,,,,12:43.0,12:43.0,Fall,2019
210,61,t,00:00.0,,,,,12:43.0,12:43.0,Spring,2019
211,61,t,00:00.0,,,,,12:43.0,12:43.0,Fall,2019
212,61,t,00:00.0,,,,,12:43.0,12:43.0,Spring,2019
213,61,t,00:00.0,,,,,12:43.0,12:43.0,Fall,2019
214,61,t,00:00.0,,,,,12:43.0,12:43.0,Spring,2019
215,61,t,00:00.0,,,,,12:43.0,12:43.0,Fall,2019
216,61,t,00:00.0,,,,,12:43.0,12:43.0,Spring,2019
217,61,t,00:00.0,,,,,12:43.0,12:43.0,Fall,2019
218,61,t,00:00.0,,,,,12:43.0,12:43.0,Spring,2019
219,61,t,00:00.0,,,,,12:43.0,12:43.0,Fall,2019
220,61,t,00:00.0,,,,,12:43.0,12:43.0,Spring,2019
221,61,t,00:00.0,,,,,12:43.0,12:43.0,Fall,2019
222,61,t,00:00.0,,,,,12:43.0,12:43.0,Spring,2019
223,61,t,00:00.0,,,,,12:43.0,12:43.0,Fall,2019
224,61,t,00:00.0,,,,,12:43.0,12:43.0,Spring,2019
225,61,t,00:00.0,,,,,12:43.0,12:43.0,Fall,2019
226,61,t,00:00.0,,,,,12:43.0,12:43.0,Spring,2019
227,61,t,00:00.0,,,,,12:43.0,12:43.0,Fall,2019
228,61,t,00:00.0,,,,,12:43.0,12:43.0,Spring,2019
229,61,t,00:00.0,,,,,12:43.0,12:43.0,Fall,2019
230,61,t,00:00.0,,,,,12:43.0,12:43.0,Spring,2019
231,61,t,00:00.0,,,,,12:43.0,12:43.0,Fall,2019
232,61,t,00:00.0,,,,,12:43.0,12:43.0,Spring,2019
233,61,t,00:00.0,,,,,12:43.0,12:43.0,Fall,2019
234,61,t,00:00.0,,,,,12:43.0,12:43.0,Spring,2019
235,61,t,00:00.0,,,,,12:43.0,12:43.0,Fall,2019
236,61,t,00:00.0,,,,,12:43.0,12:43.0,Spring,2019
237,61,t,00:00.0,,,,,12:43.0,12:43.0,Fall,2019
238,61,t,00:00.0,,,,,12:43.0,12:43.0,Spring,2019
239,61,t,00:00.0,,,,,12:43.0,12:43.0,Fall,2019
240,61,t,00:00.0,,,,,12:43.0,12:43.0,Spring,2019
241,61,t,00:00.0,,,,,12:43.0,12:43.0,Fall,2019
242,61,t,00:00.0,,,,,12:43.0,12:43.0,Spring,2019
243,61,t,00:00.0,,,,,12:43.0,12:43.0,Fall,2019
244,61,t,00:00.0,,,,,12:43.0,12:43.0,Spring,2019
245,61,t,00:00.0,,,,,12:43.0,12:43.0,Fall,2019
246,61,t,00:00.0,,,,,12:43.0,12:43.0,Spring,2019
247,61,t,00:00.0,,,,,12:43.0,12:43.0,Fall,2019
248,61,t,00:00.0,,,,,12:43.0,12:43.0,Spring,2019
249,61,t,00:00.0,,,,,12:43.0,12:43.0,Fall,2019
250,61,t,00:00.0,,,,,12:43.0,12:43.0,Spring,2019
251,61,t,00:00.0,,,,,12:43.0,12:43.0,Fall,2019
252,61,t,00:00.0,,,,,12:43.0,12:43.0,Spring,2019
253,61,t,00:00.0,,,,,12:43.0,12:43.0,Fall,2019
254,61,t,00:00.0,,,,,12:43.0,12:43.0,Spring,2019
255,61,t,00:00.0,,,,,12:43.0,12:43.0,Fall,2019
256,61,t,00:00.0,,,,,12:43.0,12:43.0,Spring,2019
257,61,t,00:00.0,,,,,12:43.0,12:43.0,Fall,2019
258,61,t,00:00.0,,,,,12:43.0,12:43.0,Spring,2019
259,61,t,00:00.0,,,,,12:43.0,12:43.0,Fall,2019
260,61,t,00:00.0,,,,,12:43.0,12:43.0,Spring,2019
261,61,t,00:00.0,,,,,12:43.0,12:43.0,Fall,2019
262,61,t,00:00.0,,,,,12:43.0,12:43.0,Spring,2019
263,61,t,00:00.0,,,,,12:43.0,12:43.0,Fall,2019
264,61,t,00:00.0,,,,,12:43.0,12:43.0,Spring,2019
265,61,t,00:00.0,,,,,12:43.0,12:43.0,Fall,2019
266,61,t,00:00.0,,,,,12:43.0,12:43.0,Spring,2019
267,61,t,00:00.0,,,,,12:43.0,12:43.0,Fall,2019
268,61,t,00:00.0,,,,,12:43.0,12:43.0,Spring,2019
269,61,t,00:00.0,,,,,12:43.0,12:43.0,Fall,2019
270,61,t,00:00.0,,,,,12:43.0,12:43.0,Spring,2019
271,61,t,00:00.0,,,,,12:43.0,12:43.0,Fall,2019
272,61,t,00:00.0,,,,,12:43.0,12:43.0,Spring,2019
273,61,t,00:00.0,,,,,12:43.0,12:43.0,Fall,2019
274,61,t,00:00.0,,,,,12:43.0,12:43.0,Spring,2019
275,61,t,00:00.0,,,,,12:43.0,12:43.0,Fall,2019
276,61,t,00:00.0,,,,,12:43.0,12:43.0,Spring,2019
277,61,t,00:00.0,,,,,12:43.0,12:43.0,Fall,2019
278,61,t,00:00.0,,,,,12:43.0,12:43.0,Spring,2019
279,61,t,00:00.0,,,,,12:43.0,12:43.0,Fall,2019
280,61,t,00:00.0,,,,,12:43.0,12:43.0,Spring,2019
281,61,t,00:00.0,,,,,12:43.0,12:43.0,Fall,2019
282,61,t,00:00.0,,,,,12:43.0,12:43.0,Spring,2019
283,61,t,00:00.0,,,,,12:43.0,12:43.0,Fall,2019
284,61,t,00:00.0,,,,,12:43.0,12:43.0,Spring,2019
285,61,t,00:00.0,,,,,12:43.0,12:43.0,Fall,2019
286,61,t,00:00.0,,,,,12:43.0,12:43.0,Spring,2019
287,61,t,00:00.0,,,,,12:43.0,12:43.0,Fall,2019
288,61,t,00:00.0,,,,,12:43.0,12:43.0,Spring,2019
289,61,t,00:00.0,,,,,12:43.0,12:43.0,Fall,2019
290,61,t,00:00.0,,,,,12:43.0,12:43.0,Spring,2019
291,61,t,00:00.0,,,,,12:43.0,12:43.0,Fall,2019
292,61,t,00:00.0,,,,,12:43.0,12:43.0,Spring,2019
293,61,t,00:00.0,,,,,12:43.0,12:43.0,Fall,2019
294,61,t,00:00.0,,,,,12:43.0,12:43.0,Spring,2019
295,61,t,00:00.0,,,,,12:43.0,12:43.0,Fall,2019
296,61,t,00:00.0,,,,,12:43.0,12:43.0,Spring,2019
297,61,t,00:00.0,,,,,12:43.0,12:43.0,Fall,2019
298,61,t,00:00.0,,,,,12:43.0,12:43.0,Spring,2019
299,61,t,00:00.0,,,,,12:43.0,12:43.0,Fall,2019
300,1,t,00:00.0,,,,,12:43.0,12:43.0,Spring,2019
301,1,t,00:00.0,,,,,12:43.0,12:43.0,Fall,2019
302,1,t,00:00.0,,,,,12:43.0,12:43.0,Spring,2019
303,1,t,00:00.0,,,,,12:43.0,12:43.0,Fall,2019
304,1,t,00:00.0,,,,,12:43.0,12:43.0,Spring,2019
305,1,t,00:00.0,,,,,12:43.0,12:43.0,Fall,2019
306,1,t,00:00.0,,,,,12:43.0,12:43.0,Spring,2019
307,1,t,00:00.0,,,,,12:43.0,12:43.0,Fall,2019
308,1,t,00:00.0,,,,,12:43.0,12:43.0,Spring,2019
309,1,t,00:00.0,,,,,12:43.0,12:43.0,Fall,2019
310,1,t,00:00.0,,,,,12:43.0,12:43.0,Spring,2019
311,1,t,00:00.0,,,,,12:43.0,12:43.0,Fall,2019
312,1,t,00:00.0,,,,,12:43.0,12:43.0,Spring,2019
313,1,t,00:00.0,,,,,12:43.0,12:43.0,Fall,2019
314,1,t,00:00.0,,,,,12:43.0,12:43.0,Spring,2019
315,1,t,00:00.0,,,,,12:43.0,12:43.0,Fall,2019
316,1,t,00:00.0,,,,,12:43.0,12:43.0,Spring,2019
317,1,t,00:00.0,,,,,12:43.0,12:43.0,Fall,2019
318,1,t,00:00.0,,,,,12:43.0,12:43.0,Spring,2019
319,1,t,00:00.0,,,,,12:43.0,12:43.0,Fall,2019
320,1,t,00:00.0,,,,,12:43.0,12:43.0,Spring,2019
321,1,t,00:00.0,,,,,12:43.0,12:43.0,Fall,2019
322,1,t,00:00.0,,,,,12:43.0,12:43.0,Spring,2019
323,1,t,00:00.0,,,,,12:43.0,12:43.0,Fall,2019
324,1,t,00:00.0,,,,,12:43.0,12:43.0,Spring,2019
325,1,t,00:00.0,,,,,12:43.0,12:43.0,Fall,2019
326,1,t,00:00.0,,,,,12:43.0,12:43.0,Spring,2019
327,1,t,00:00.0,,,,,12:43.0,12:43.0,Fall,2019
328,1,t,00:00.0,,,,,12:43.0,12:43.0,Spring,2019
329,1,t,00:00.0,,,,,12:43.0,12:43.0,Fall,2019
330,1,t,00:00.0,,,,,12:43.0,12:43.0,Spring,2019
331,1,t,00:00.0,,,,,12:43.0,12:43.0,Fall,2019
332,1,t,00:00.0,,,,,12:43.0,12:43.0,Spring,2019
333,1,t,00:00.0,,,,,12:43.0,12:43.0,Fall,2019
334,1,t,00:00.0,,,,,12:43.0,12:43.0,Spring,2019
335,1,t,00:00.0,,,,,12:43.0,12:43.0,Fall,2019
336,1,t,00:00.0,,,,,12:43.0,12:43.0,Spring,2019
337,1,t,00:00.0,,,,,12:43.0,12:43.0,Fall,2019
338,1,t,00:00.0,,,,,12:43.0,12:43.0,Spring,2019
339,1,t,00:00.0,,,,,12:43.0,12:43.0,Fall,2019
340,1,t,00:00.0,,,,,12:43.0,12:43.0,Spring,2019
341,1,t,00:00.0,,,,,12:43.0,12:43.0,Fall,2019
342,1,t,00:00.0,,,,,12:43.0,12:43.0,Spring,2019
343,1,t,00:00.0,,,,,12:43.0,12:43.0,Fall,2019
344,1,t,00:00.0,,,,,12:43.0,12:43.0,Spring,2019
345,1,t,00:00.0,,,,,12:43.0,12:43.0,Fall,2019
346,1,t,00:00.0,,,,,12:43.0,12:43.0,Spring,2019
347,1,t,00:00.0,,,,,12:43.0,12:43.0,Fall,2019
348,1,t,00:00.0,,,,,12:43.0,12:43.0,Spring,2019
349,1,t,00:00.0,,,,,12:43.0,12:43.0,Fall,2019
350,1,t,00:00.0,,,,,12:43.0,12:43.0,Spring,2019
351,1,t,00:00.0,,,,,12:43.0,12:43.0,Fall,2019
352,1,t,00:00.0,,,,,12:43.0,12:43.0,Spring,2019
353,1,t,00:00.0,,,,,12:43.0,12:43.0,Fall,2019
354,1,t,00:00.0,,,,,12:43.0,12:43.0,Spring,2019
355,1,t,00:00.0,,,,,12:43.0,12:43.0,Fall,2019
356,1,t,00:00.0,,,,,12:43.0,12:43.0,Spring,2019
357,1,t,00:00.0,,,,,12:43.0,12:43.0,Fall,2019
358,1,t,00:00.0,,,,,12:43.0,12:43.0,Spring,2019
359,1,t,00:00.0,,,,,12:43.0,12:43.0,Fall,2019
360,1,t,00:00.0,,,,,12:43.0,12:43.0,Spring,2019
361,1,t,00:00.0,,,,,12:43.0,12:43.0,Fall,2019
362,1,t,00:00.0,,,,,12:43.0,12:43.0,Spring,2019
363,1,t,00:00.0,,,,,12:43.0,12:43.0,Fall,2019
364,1,t,00:00.0,,,,,12:43.0,12:43.0,Spring,2019
365,1,t,00:00.0,,,,,12:43.0,12:43.0,Fall,2019
366,1,t,00:00.0,,,,,12:43.0,12:43.0,Spring,2019
367,1,t,00:00.0,,,,,12:43.0,12:43.0,Fall,2019
368,1,t,00:00.0,,,,,12:43.0,12:43.0,Spring,2019
369,1,t,00:00.0,,,,,12:43.0,12:43.0,Fall,2019
370,1,t,00:00.0,,,,,12:43.0,12:43.0,Spring,2019
371,1,t,00:00.0,,,,,12:43.0,12:43.0,Fall,2019
372,1,t,00:00.0,,,,,12:43.0,12:43.0,Spring,2019
373,1,t,00:00.0,,,,,12:43.0,12:43.0,Fall,2019
374,1,t,00:00.0,,,,,12:43.0,12:43.0,Spring,2019
375,1,t,00:00.0,,,,,12:43.0,12:43.0,Fall,2019
376,1,t,00:00.0,,,,,12:43.0,12:43.0,Spring,2019
377,1,t,00:00.0,,,,,12:43.0,12:43.0,Fall,2019
378,1,t,00:00.0,,,,,12:43.0,12:43.0,Spring,2019
379,1,t,00:00.0,,,,,12:43.0,12:43.0,Fall,2019
380,1,t,00:00.0,,,,,12:43.0,12:43.0,Spring,2019
381,1,t,00:00.0,,,,,12:43.0,12:43.0,Fall,2019
382,1,t,00:00.0,,,,,12:43.0,12:43.0,Spring,2019
383,1,t,00:00.0,,,,,12:43.0,12:43.0,Fall,2019
384,1,t,00:00.0,,,,,12:43.0,12:43.0,Spring,2019
385,1,t,00:00.0,,,,,12:43.0,12:43.0,Fall,2019
386,1,t,00:00.0,,,,,12:43.0,12:43.0,Spring,2019
387,1,t,00:00.0,,,,,12:43.0,12:43.0,Fall,2019
388,1,t,00:00.0,,,,,12:43.0,12:43.0,Spring,2019
389,1,t,00:00.0,,,,,12:43.0,12:43.0,Fall,2019
390,1,t,00:00.0,,,,,12:43.0,12:43.0,Spring,2019
391,1,t,00:00.0,,,,,12:43.0,12:43.0,Fall,2019
392,1,t,00:00.0,,,,,12:43.0,12:43.0,Spring,2019
393,1,t,00:00.0,,,,,12:43.0,12:43.0,Fall,2019
394,1,t,00:00.0,,,,,12:43.0,12:43.0,Spring,2019
395,1,t,00:00.0,,,,,12:43.0,12:43.0,Fall,2019
396,1,t,00:00.0,,,,,12:43.0,12:43.0,Spring,2019
397,1,t,00:00.0,,,,,12:43.0,12:43.0,Fall,2019
398,1,t,00:00.0,,,,,12:43.0,12:43.0,Spring,2019
399,1,t,00:00.0,,,,,12:43.0,12:43.0,Fall,2019
400,1,t,00:00.0,,,,,12:43.0,12:43.0,Spring,2019
401,1,t,00:00.0,,,,,12:43.0,12:43.0,Fall,2019
402,1,t,00:00.0,,,,,12:43.0,12:43.0,Spring,2019
403,1,t,00:00.0,,,,,12:43.0,12:43.0,Fall,2019
404,1,t,00:00.0,,,,,12:43.0,12:43.0,Spring,2019
405,1,t,00:00.0,,,,,12:43.0,12:43.0,Fall,2019
406,1,t,00:00.0,,,,,12:43.0,12:43.0,Spring,2019
407,1,t,00:00.0,,,,,12:43.0,12:43.0,Fall,2019
408,1,t,00:00.0,,,,,12:43.0,12:43.0,Spring,2019
409,1,t,00:00.0,,,,,12:43.0,12:43.0,Fall,2019
410,1,t,00:00.0,,,,,12:43.0,12:43.0,Spring,2019
411,1,t,00:00.0,,,,,12:43.0,12:43.0,Fall,2019
412,1,t,00:00.0,,,,,12:43.0,12:43.0,Spring,2019
413,1,t,00:00.0,,,,,12:43.0,12:43.0,Fall,2019
414,1,t,00:00.0,,,,,12:43.0,12:43.0,Spring,2019
415,1,t,00:00.0,,,,,12:43.0,12:43.0,Fall,2019
416,1,t,00:00.0,,,,,12:43.0,12:43.0,Spring,2019
417,1,t,00:00.0,,,,,12:43.0,12:43.0,Fall,2019
418,1,t,00:00.0,,,,,12:43.0,12:43.0,Spring,2019
419,1,t,00:00.0,,,,,12:43.0,12:43.0,Fall,2019
420,1,t,00:00.0,,,,,12:43.0,12:43.0,Spring,2019
421,1,t,00:00.0,,,,,12:43.0,12:43.0,Fall,2019
422,1,t,00:00.0,,,,,12:43.0,12:43.0,Spring,2019
423,1,t,00:00.0,,,,,12:43.0,12:43.0,Fall,2019
424,1,t,00:00.0,,,,,12:43.0,12:43.0,Spring,2019
425,1,t,00:00.0,,,,,12:43.0,12:43.0,Fall,2019
426,1,t,00:00.0,,,,,12:43.0,12:43.0,Spring,2019
427,1,t,00:00.0,,,,,12:43.0,12:43.0,Fall,2019
428,1,t,00:00.0,,,,,12:43.0,12:43.0,Spring,2019
429,1,t,00:00.0,,,,,12:43.0,12:43.0,Fall,2019
430,1,t,00:00.0,,,,,12:43.0,12:43.0,Spring,2019
431,1,t,00:00.0,,,,,12:43.0,12:43.0,Fall,2019
432,1,t,00:00.0,,,,,12:43.0,12:43.0,Spring,2019
433,1,t,00:00.0,,,,,12:43.0,12:43.0,Fall,2019
434,1,t,00:00.0,,,,,12:43.0,12:43.0,Spring,2019
435,1,t,00:00.0,,,,,12:43.0,12:43.0,Fall,2019
436,1,t,00:00.0,,,,,12:43.0,12:43.0,Spring,2019
437,1,t,00:00.0,,,,,12:43.0,12:43.0,Fall,2019
438,1,t,00:00.0,,,,,12:43.0,12:43.0,Spring,2019
439,1,t,00:00.0,,,,,12:43.0,12:43.0,Fall,2019
440,1,t,00:00.0,,,,,12:43.0,12:43.0,Spring,2019
441,1,t,00:00.0,,,,,12:43.0,12:43.0,Fall,2019
442,1,t,00:00.0,,,,,12:43.0,12:43.0,Spring,2019
443,1,t,00:00.0,,,,,12:43.0,12:43.0,Fall,2019
444,1,t,00:00.0,,,,,12:43.0,12:43.0,Spring,2019
445,1,t,00:00.0,,,,,12:43.0,12:43.0,Fall,2019
446,1,t,00:00.0,,,,,12:43.0,12:43.0,Spring,2019
447,1,t,00:00.0,,,,,12:43.0,12:43.0,Fall,2019
448,1,t,00:00.0,,,,,12:43.0,12:43.0,Spring,2019
449,1,t,00:00.0,,,,,12:43.0,12:43.0,Fall,2019
450,1,t,00:00.0,,,,,12:43.0,12:43.0,Spring,2019
451,1,t,00:00.0,,,,,12:43.0,12:43.0,Fall,2019
452,1,t,00:00.0,,,,,12:43.0,12:43.0,Spring,2019
453,1,t,00:00.0,,,,,12:43.0,12:43.0,Fall,2019
454,1,t,00:00.0,,,,,12:43.0,12:43.0,Spring,2019
455,1,t,00:00.0,,,,,12:43.0,12:43.0,Fall,2019
456,1,t,00:00.0,,,,,12:43.0,12:43.0,Spring,2019
457,1,t,00:00.0,,,,,12:43.0,12:43.0,Fall,2019
458,1,t,00:00.0,,,,,12:43.0,12:43.0,Spring,2019
459,1,t,00:00.0,,,,,12:43.0,12:43.0,Fall,2019
460,1,t,00:00.0,,,,,12:43.0,12:43.0,Spring,2019
461,1,t,00:00.0,,,,,12:43.0,12:43.0,Fall,2019
462,1,t,00:00.0,,,,,12:43.0,12:43.0,Spring,2019
463,1,t,00:00.0,,,,,12:43.0,12:43.0,Fall,2019
464,1,t,00:00.0,,,,,12:43.0,12:43.0,Spring,2019
465,1,t,00:00.0,,,,,12:43.0,12:43.0,Fall,2019
466,1,t,00:00.0,,,,,12:43.0,12:43.0,Spring,2019
467,1,t,00:00.0,,,,,12:43.0,12:43.0,Fall,2019
468,1,t,00:00.0,,,,,12:43.0,12:43.0,Spring,2019
469,1,t,00:00.0,,,,,12:43.0,12:43.0,Fall,2019
470,1,t,00:00.0,,,,,12:43.0,12:43.0,Spring,2019
471,1,t,00:00.0,,,,,12:43.0,12:43.0,Fall,2019
472,1,t,00:00.0,,,,,12:43.0,12:43.0,Spring,2019
473,1,t,00:00.0,,,,,12:43.0,12:43.0,Fall,2019
474,1,t,00:00.0,,,,,12:43.0,12:43.0,Spring,2019
475,1,t,00:00.0,,,,,12:43.0,12:43.0,Fall,2019
476,1,t,00:00.0,,,,,12:43.0,12:43.0,Spring,2019
477,1,t,00:00.0,,,,,12:43.0,12:43.0,Fall,2019
478,1,t,00:00.0,,,,,12:43.0,12:43.0,Spring,2019
479,1,t,00:00.0,,,,,12:43.0,12:43.0,Fall,2019
480,1,t,00:00.0,,,,,12:43.0,12:43.0,Spring,2019
481,1,t,00:00.0,,,,,12:43.0,12:43.0,Fall,2019
482,1,t,00:00.0,,,,,12:43.0,12:43.0,Spring,2019
483,1,t,00:00.0,,,,,12:43.0,12:43.0,Fall,2019
484,1,t,00:00.0,,,,,12:43.0,12:43.0,Spring,2019
485,1,t,00:00.0,,,,,12:43.0,12:43.0,Fall,2019
486,1,t,00:00.0,,,,,12:43.0,12:43.0,Spring,2019
487,1,t,00:00.0,,,,,12:43.0,12:43.0,Fall,2019
488,1,t,00:00.0,,,,,12:43.0,12:43.0,Spring,2019
489,1,t,00:00.0,,,,,12:43.0,12:43.0,Fall,2019
490,1,t,00:00.0,,,,,12:43.0,12:43.0,Spring,2019
491,1,t,00:00.0,,,,,12:43.0,12:43.0,Fall,2019
492,1,t,00:00.0,,,,,12:43.0,12:43.0,Spring,2019
493,1,t,00:00.0,,,,,12:43.0,12:43.0,Fall,2019
494,1,t,00:00.0,,,,,12:43.0,12:43.0,Spring,2019
495,1,t,00:00.0,,,,,12:43.0,12:43.0,Fall,2019
496,1,t,00:00.0,,,,,12:43.0,12:43.0,Spring,2019
497,1,t,00:00.0,,,,,12:43.0,12:43.0,Fall,2019
498,1,t,00:00.0,,,,,12:43.0,12:43.0,Spring,2019
499,1,t,00:00.0,,,,,12:43.0,12:43.0,Fall,2019
500,1,t,00:00.0,,,,,12:43.0,12:43.0,Spring,2019
501,1,t,00:00.0,,,,,12:43.0,12:43.0,Fall,2019
502,1,t,00:00.0,,,,,12:43.0,12:43.0,Spring,2019
503,1,t,00:00.0,,,,,12:43.0,12:43.0,Fall,2019
504,1,t,00:00.0,,,,,12:43.0,12:43.0,Spring,2019
505,1,t,00:00.0,,,,,12:43.0,12:43.0,Fall,2019
506,1,t,00:00.0,,,,,12:43.0,12:43.0,Spring,2019
507,1,t,00:00.0,,,,,12:43.0,12:43.0,Fall,2019
508,1,t,00:00.0,,,,,12:43.0,12:43.0,Spring,2019
509,1,t,00:00.0,,,,,12:43.0,12:43.0,Fall,2019
510,1,t,00:00.0,,,,,12:43.0,12:43.0,Spring,2019
511,1,t,00:00.0,,,,,12:43.0,12:43.0,Fall,2019
512,1,t,00:00.0,,,,,12:43.0,12:43.0,Spring,2019
513,1,t,00:00.0,,,,,12:43.0,12:43.0,Fall,2019
514,1,t,00:00.0,,,,,12:43.0,12:43.0,Spring,2019
515,1,t,00:00.0,,,,,12:43.0,12:43.0,Fall,2019
516,1,t,00:00.0,,,,,12:43.0,12:43.0,Spring,2019
517,1,t,00:00.0,,,,,12:43.0,12:43.0,Fall,2019
518,1,t,00:00.0,,,,,12:43.0,12:43.0,Spring,2019
519,1,t,00:00.0,,,,,12:43.0,12:43.0,Fall,2019
520,1,t,00:00.0,,,,,12:43.0,12:43.0,Spring,2019
521,1,t,00:00.0,,,,,12:43.0,12:43.0,Fall,2019
522,1,t,00:00.0,,,,,12:43.0,12:43.0,Spring,2019
523,1,t,00:00.0,,,,,12:43.0,12:43.0,Fall,2019
524,1,t,00:00.0,,,,,12:43.0,12:43.0,Spring,2019
525,1,t,00:00.0,,,,,12:43.0,12:43.0,Fall,2019
526,1,t,00:00.0,,,,,12:43.0,12:43.0,Spring,2019
527,1,t,00:00.0,,,,,12:43.0,12:43.0,Fall,2019
528,1,t,00:00.0,,,,,12:43.0,12:43.0,Spring,2019
529,1,t,00:00.0,,,,,12:43.0,12:43.0,Fall,2019
530,1,t,00:00.0,,,,,12:43.0,12:43.0,Spring,2019
531,1,t,00:00.0,,,,,12:43.0,12:43.0,Fall,2019
532,1,t,00:00.0,,,,,12:43.0,12:43.0,Spring,2019
533,1,t,00:00.0,,,,,12:43.0,12:43.0,Fall,2019
534,1,t,00:00.0,,,,,12:43.0,12:43.0,Spring,2019
535,1,t,00:00.0,,,,,12:43.0,12:43.0,Fall,2019
536,1,t,00:00.0,,,,,12:43.0,12:43.0,Spring,2019
537,1,t,00:00.0,,,,,12:43.0,12:43.0,Fall,2019
538,1,t,00:00.0,,,,,12:43.0,12:43.0,Spring,2019
539,1,t,00:00.0,,,,,12:43.0,12:43.0,Fall,2019
540,1,t,00:00.0,,,,,12:43.0,12:43.0,Spring,2019
541,1,t,00:00.0,,,,,12:43.0,12:43.0,Fall,2019
542,1,t,00:00.0,,,,,12:43.0,12:43.0,Spring,2019
543,1,t,00:00.0,,,,,12:43.0,12:43.0,Fall,2019
544,1,t,00:00.0,,,,,12:43.0,12:43.0,Spring,2019
545,1,t,00:00.0,,,,,12:43.0,12:43.0,Fall,2019
546,1,t,00:00.0,,,,,12:43.0,12:43.0,Spring,2019
547,1,t,00:00.0,,,,,12:43.0,12:43.0,Fall,2019
548,1,t,00:00.0,,,,,12:43.0,12:43.0,Spring,2019
549,1,t,00:00.0,,,,,12:43.0,12:43.0,Fall,2019
550,1,t,00:00.0,,,,,12:43.0,12:43.0,Spring,2019
551,1,t,00:00.0,,,,,12:43.0,12:43.0,Fall,2019
552,1,t,00:00.0,,,,,12:43.0,12:43.0,Spring,2019
553,1,t,00:00.0,,,,,12:43.0,12:43.0,Fall,2019
554,1,t,00:00.0,,,,,12:43.0,12:43.0,Spring,2019
555,1,t,00:00.0,,,,,12:43.0,12:43.0,Fall,2019
556,1,t,00:00.0,,,,,12:43.0,12:43.0,Spring,2019
557,1,t,00:00.0,,,,,12:43.0,12:43.0,Fall,2019
558,1,t,00:00.0,,,,,12:43.0,12:43.0,Spring,2019
559,1,t,00:00.0,,,,,12:43.0,12:43.0,Fall,2019
560,1,t,00:00.0,,,,,12:43.0,12:43.0,Spring,2019
561,1,t,00:00.0,,,,,12:43.0,12:43.0,Fall,2019
562,1,t,00:00.0,,,,,12:43.0,12:43.0,Spring,2019
563,1,t,00:00.0,,,,,12:43.0,12:43.0,Fall,2019
564,1,t,00:00.0,,,,,12:43.0,12:43.0,Spring,2019
565,1,t,00:00.0,,,,,12:43.0,12:43.0,Fall,2019
566,1,t,00:00.0,,,,,12:43.0,12:43.0,Spring,2019
567,1,t,00:00.0,,,,,12:43.0,12:43.0,Fall,2019
568,1,t,00:00.0,,,,,12:43.0,12:43.0,Spring,2019
569,1,t,00:00.0,,,,,12:43.0,12:43.0,Fall,2019
570,1,t,00:00.0,,,,,12:43.0,12:43.0,Spring,2019
571,1,t,00:00.0,,,,,12:43.0,12:43.0,Fall,2019
572,1,t,00:00.0,,,,,12:43.0,12:43.0,Spring,2019
573,1,t,00:00.0,,,,,12:43.0,12:43.0,Fall,2019
574,1,t,00:00.0,,,,,12:43.0,12:43.0,Spring,2019
575,1,t,00:00.0,,,,,12:43.0,12:43.0,Fall,2019
576,1,t,00:00.0,,,,,12:43.0,12:43.0,Spring,2019
577,1,t,00:00.0,,,,,12:43.0,12:43.0,Fall,2019
578,1,t,00:00.0,,,,,12:43.0,12:43.0,Spring,2019
579,1,t,00:00.0,,,,,12:43.0,12:43.0,Fall,2019
580,1,t,00:00.0,,,,,12:43.0,12:43.0,Spring,2019
581,1,t,00:00.0,,,,,12:43.0,12:43.0,Fall,2019
582,1,t,00:00.0,,,,,12:43.0,12:43.0,Spring,2019
583,1,t,00:00.0,,,,,12:43.0,12:43.0,Fall,2019
584,1,t,00:00.0,,,,,12:43.0,12:43.0,Spring,2019
585,1,t,00:00.0,,,,,12:43.0,12:43.0,Fall,2019
586,1,t,00:00.0,,,,,12:43.0,12:43.0,Spring,2019
587,1,t,00:00.0,,,,,12:43.0,12:43.0,Fall,2019
588,1,t,00:00.0,,,,,12:43.0,12:43.0,Spring,2019
589,1,t,00:00.0,,,,,12:43.0,12:43.0,Fall,2019
590,1,t,00:00.0,,,,,12:43.0,12:43.0,Spring,2019
591,1,t,00:00.0,,,,,12:43.0,12:43.0,Fall,2019
592,1,t,00:00.0,,,,,12:43.0,12:43.0,Spring,2019
593,1,t,00:00.0,,,,,12:43.0,12:43.0,Fall,2019
594,1,t,00:00.0,,,,,12:43.0,12:43.0,Spring,2019
595,1,t,00:00.0,,,,,12:43.0,12:43.0,Fall,2019
596,1,t,00:00.0,,,,,12:43.0,12:43.0,Spring,2019
597,1,t,00:00.0,,,,,12:43.0,12:43.0,Fall,2019
598,1,t,00:00.0,,,,,12:43.0,12:43.0,Spring,2019
599,1,t,00:00.0,,,,,12:43.0,12:43.0,Fall,2019
600,2,t,00:00.0,,,,,12:43.0,12:43.0,Spring,2019
601,2,t,00:00.0,,,,,12:43.0,12:43.0,Fall,2019
602,2,t,00:00.0,,,,,12:43.0,12:43.0,Spring,2019
603,2,t,00:00.0,,,,,12:43.0,12:43.0,Fall,2019
604,2,t,00:00.0,,,,,12:43.0,12:43.0,Spring,2019
605,2,t,00:00.0,,,,,12:43.0,12:43.0,Fall,2019
606,2,t,00:00.0,,,,,12:43.0,12:43.0,Spring,2020
607,2,t,00:00.0,,,,,12:43.0,12:43.0,Fall,2020
608,2,t,00:00.0,,,,,12:43.0,12:43.0,Spring,2020
609,2,t,00:00.0,,,,,12:43.0,12:43.0,Fall,2020
610,2,t,00:00.0,,,,,12:43.0,12:43.0,Spring,2020
611,2,t,00:00.0,,,,,12:43.0,12:43.0,Fall,2020
612,2,t,00:00.0,,,,,12:43.0,12:43.0,Spring,2020
613,2,t,00:00.0,,,,,12:43.0,12:43.0,Fall,2020
614,2,t,00:00.0,,,,,12:43.0,12:43.0,Spring,2020
615,2,t,00:00.0,,,,,12:43.0,12:43.0,Fall,2020
616,2,t,00:00.0,,,,,12:43.0,12:43.0,Spring,2020
617,2,t,00:00.0,,,,,12:43.0,12:43.0,Fall,2020
618,2,t,00:00.0,,,,,12:43.0,12:43.0,Spring,2020
619,2,t,00:00.0,,,,,12:43.0,12:43.0,Fall,2020
620,2,t,00:00.0,,,,,12:43.0,12:43.0,Spring,2020
621,2,t,00:00.0,,,,,12:43.0,12:43.0,Fall,2020
622,2,t,00:00.0,,,,,12:43.0,12:43.0,Spring,2020
623,2,t,00:00.0,,,,,12:43.0,12:43.0,Fall,2020
624,2,t,00:00.0,,,,,12:43.0,12:43.0,Spring,2020
625,2,t,00:00.0,,,,,12:43.0,12:43.0,Fall,2020
626,2,t,00:00.0,,,,,12:43.0,12:43.0,Spring,2020
627,2,t,00:00.0,,,,,12:43.0,12:43.0,Fall,2020
628,2,t,00:00.0,,,,,12:43.0,12:43.0,Spring,2020
629,2,t,00:00.0,,,,,12:43.0,12:43.0,Fall,2020
630,2,t,00:00.0,,,,,12:43.0,12:43.0,Spring,2020
631,2,t,00:00.0,,,,,12:43.0,12:43.0,Fall,2020
632,2,t,00:00.0,,,,,12:43.0,12:43.0,Spring,2020
633,2,t,00:00.0,,,,,12:43.0,12:43.0,Fall,2020
634,2,t,00:00.0,,,,,12:43.0,12:43.0,Spring,2020
635,2,t,00:00.0,,,,,12:43.0,12:43.0,Fall,2020
636,2,t,00:00.0,,,,,12:43.0,12:43.0,Spring,2020
637,2,t,00:00.0,,,,,12:43.0,12:43.0,Fall,2020
638,2,t,00:00.0,,,,,12:43.0,12:43.0,Spring,2020
639,2,t,00:00.0,,,,,12:43.0,12:43.0,Fall,2020
640,2,t,00:00.0,,,,,12:43.0,12:43.0,Spring,2020
641,2,t,00:00.0,,,,,12:43.0,12:43.0,Fall,2020
642,2,t,00:00.0,,,,,12:43.0,12:43.0,Spring,2020
643,2,t,00:00.0,,,,,12:43.0,12:43.0,Fall,2020
644,2,t,00:00.0,,,,,12:43.0,12:43.0,Spring,2020
645,2,t,00:00.0,,,,,12:43.0,12:43.0,Fall,2020
646,2,t,00:00.0,,,,,12:43.0,12:43.0,Spring,2020
647,2,t,00:00.0,,,,,12:43.0,12:43.0,Fall,2020
648,2,t,00:00.0,,,,,12:43.0,12:43.0,Spring,2020
649,2,t,00:00.0,,,,,12:43.0,12:43.0,Fall,2020
650,2,t,00:00.0,,,,,12:43.0,12:43.0,Spring,2020
651,2,t,00:00.0,,,,,12:43.0,12:43.0,Fall,2020
652,2,t,00:00.0,,,,,12:43.0,12:43.0,Spring,2020
653,2,t,00:00.0,,,,,12:43.0,12:43.0,Fall,2020
654,2,t,00:00.0,,,,,12:43.0,12:43.0,Spring,2020
655,2,t,00:00.0,,,,,12:43.0,12:43.0,Fall,2020
656,2,t,00:00.0,,,,,12:43.0,12:43.0,Spring,2020
657,2,t,00:00.0,,,,,12:43.0,12:43.0,Fall,2020
658,2,t,00:00.0,,,,,12:43.0,12:43.0,Spring,2020
659,2,t,00:00.0,,,,,12:43.0,12:43.0,Fall,2020
660,2,t,00:00.0,,,,,12:43.0,12:43.0,Spring,2020
661,2,t,00:00.0,,,,,12:43.0,12:43.0,Fall,2020
662,2,t,00:00.0,,,,,12:43.0,12:43.0,Spring,2020
663,2,t,00:00.0,,,,,12:43.0,12:43.0,Fall,2020
664,2,t,00:00.0,,,,,12:43.0,12:43.0,Spring,2020
665,2,t,00:00.0,,,,,12:43.0,12:43.0,Fall,2020
666,2,t,00:00.0,,,,,12:43.0,12:43.0,Spring,2020
667,2,t,00:00.0,,,,,12:43.0,12:43.0,Fall,2020
668,2,t,00:00.0,,,,,12:43.0,12:43.0,Spring,2020
669,2,t,00:00.0,,,,,12:43.0,12:43.0,Fall,2020
670,2,t,00:00.0,,,,,12:43.0,12:43.0,Spring,2020
671,2,t,00:00.0,,,,,12:43.0,12:43.0,Fall,2020
672,2,t,00:00.0,,,,,12:43.0,12:43.0,Spring,2020
673,2,t,00:00.0,,,,,12:43.0,12:43.0,Fall,2020
674,2,t,00:00.0,,,,,12:43.0,12:43.0,Spring,2020
675,2,t,00:00.0,,,,,12:43.0,12:43.0,Fall,2020
676,2,t,00:00.0,,,,,12:43.0,12:43.0,Spring,2020
677,2,t,00:00.0,,,,,12:43.0,12:43.0,Fall,2020
678,2,t,00:00.0,,,,,12:43.0,12:43.0,Spring,2020
679,2,t,00:00.0,,,,,12:43.0,12:43.0,Fall,2020
680,2,t,00:00.0,,,,,12:43.0,12:43.0,Spring,2020
681,2,t,00:00.0,,,,,12:43.0,12:43.0,Fall,2020
682,2,t,00:00.0,,,,,12:43.0,12:43.0,Spring,2020
683,2,t,00:00.0,,,,,12:43.0,12:43.0,Fall,2020
684,2,t,00:00.0,,,,,12:43.0,12:43.0,Spring,2020
685,2,t,00:00.0,,,,,12:43.0,12:43.0,Fall,2020
686,2,t,00:00.0,,,,,12:43.0,12:43.0,Spring,2020
687,2,t,00:00.0,,,,,12:43.0,12:43.0,Fall,2020
688,2,t,00:00.0,,,,,12:43.0,12:43.0,Spring,2020
689,2,t,00:00.0,,,,,12:43.0,12:43.0,Fall,2020
690,2,t,00:00.0,,,,,12:43.0,12:43.0,Spring,2020
691,2,t,00:00.0,,,,,12:43.0,12:43.0,Fall,2020
692,2,t,00:00.0,,,,,12:43.0,12:43.0,Spring,2020
693,2,t,00:00.0,,,,,12:43.0,12:43.0,Fall,2020
694,2,t,00:00.0,,,,,12:43.0,12:43.0,Spring,2020
695,2,t,00:00.0,,,,,12:43.0,12:43.0,Fall,2020
696,2,t,00:00.0,,,,,12:43.0,12:43.0,Spring,2020
697,2,t,00:00.0,,,,,12:43.0,12:43.0,Fall,2020
698,2,t,00:00.0,,,,,12:43.0,12:43.0,Spring,2020
699,2,t,00:00.0,,,,,12:43.0,12:43.0,Fall,2020
700,2,t,00:00.0,,,,,12:43.0,12:43.0,Spring,2020
701,2,t,00:00.0,,,,,12:43.0,12:43.0,Fall,2020
702,2,t,00:00.0,,,,,12:43.0,12:43.0,Spring,2020
703,2,t,00:00.0,,,,,12:43.0,12:43.0,Fall,2020
704,2,t,00:00.0,,,,,12:43.0,12:43.0,Spring,2020
705,2,t,00:00.0,,,,,12:43.0,12:43.0,Fall,2020
706,2,t,00:00.0,,,,,12:43.0,12:43.0,Spring,2020
707,2,t,00:00.0,,,,,12:43.0,12:43.0,Fall,2020
708,2,t,00:00.0,,,,,12:43.0,12:43.0,Spring,2020
709,2,t,00:00.0,,,,,12:43.0,12:43.0,Fall,2020
710,2,t,00:00.0,,,,,12:43.0,12:43.0,Spring,2020
711,2,t,00:00.0,,,,,12:43.0,12:43.0,Fall,2020
712,2,t,00:00.0,,,,,12:43.0,12:43.0,Spring,2020
713,2,t,00:00.0,,,,,12:43.0,12:43.0,Fall,2020
714,2,t,00:00.0,,,,,12:43.0,12:43.0,Spring,2020
715,2,t,00:00.0,,,,,12:43.0,12:43.0,Fall,2020
716,2,t,00:00.0,,,,,12:43.0,12:43.0,Spring,2020
717,2,t,00:00.0,,,,,12:43.0,12:43.0,Fall,2020
718,2,t,00:00.0,,,,,12:43.0,12:43.0,Spring,2020
719,2,t,00:00.0,,,,,12:43.0,12:43.0,Fall,2020
720,2,t,00:00.0,,,,,12:43.0,12:43.0,Spring,2020
721,2,t,00:00.0,,,,,12:43.0,12:43.0,Fall,2020
722,2,t,00:00.0,,,,,12:43.0,12:43.0,Spring,2020
723,2,t,00:00.0,,,,,12:43.0,12:43.0,Fall,2020
724,2,t,00:00.0,,,,,12:43.0,12:43.0,Spring,2020
725,2,t,00:00.0,,,,,12:43.0,12:43.0,Fall,2020
726,2,t,00:00.0,,,,,12:43.0,12:43.0,Spring,2020
727,2,t,00:00.0,,,,,12:43.0,12:43.0,Fall,2020
728,2,t,00:00.0,,,,,12:43.0,12:43.0,Spring,2020
729,2,t,00:00.0,,,,,12:43.0,12:43.0,Fall,2020
730,2,t,00:00.0,,,,,12:43.0,12:43.0,Spring,2020
731,2,t,00:00.0,,,,,12:43.0,12:43.0,Fall,2020
732,2,t,00:00.0,,,,,12:43.0,12:43.0,Spring,2020
733,2,t,00:00.0,,,,,12:43.0,12:43.0,Fall,2020
734,2,t,00:00.0,,,,,12:43.0,12:43.0,Spring,2020
735,2,t,00:00.0,,,,,12:43.0,12:43.0,Fall,2020
736,2,t,00:00.0,,,,,12:43.0,12:43.0,Spring,2020
737,2,t,00:00.0,,,,,12:43.0,12:43.0,Fall,2020
738,2,t,00:00.0,,,,,12:43.0,12:43.0,Spring,2020
739,2,t,00:00.0,,,,,12:43.0,12:43.0,Fall,2020
740,2,t,00:00.0,,,,,12:43.0,12:43.0,Spring,2020
741,2,t,00:00.0,,,,,12:43.0,12:43.0,Fall,2020
742,2,t,00:00.0,,,,,12:43.0,12:43.0,Spring,2020
743,2,t,00:00.0,,,,,12:43.0,12:43.0,Fall,2020
744,2,t,00:00.0,,,,,12:43.0,12:43.0,Spring,2020
745,2,t,00:00.0,,,,,12:43.0,12:43.0,Fall,2020
746,2,t,00:00.0,,,,,12:43.0,12:43.0,Spring,2020
747,2,t,00:00.0,,,,,12:43.0,12:43.0,Fall,2020
748,2,t,00:00.0,,,,,12:43.0,12:43.0,Spring,2020
749,2,t,00:00.0,,,,,12:43.0,12:43.0,Fall,2020
750,2,t,00:00.0,,,,,12:43.0,12:43.0,Spring,2020
751,2,t,00:00.0,,,,,12:43.0,12:43.0,Fall,2020
752,2,t,00:00.0,,,,,12:43.0,12:43.0,Spring,2020
753,2,t,00:00.0,,,,,12:43.0,12:43.0,Fall,2020
754,2,t,00:00.0,,,,,12:43.0,12:43.0,Spring,2020
755,2,t,00:00.0,,,,,12:43.0,12:43.0,Fall,2020
756,2,t,00:00.0,,,,,12:43.0,12:43.0,Spring,2020
757,2,t,00:00.0,,,,,12:43.0,12:43.0,Fall,2020
758,2,t,00:00.0,,,,,12:43.0,12:43.0,Spring,2020
759,2,t,00:00.0,,,,,12:43.0,12:43.0,Fall,2020
760,2,t,00:00.0,,,,,12:43.0,12:43.0,Spring,2020
761,2,t,00:00.0,,,,,12:43.0,12:43.0,Fall,2020
762,2,t,00:00.0,,,,,12:43.0,12:43.0,Spring,2020
763,2,t,00:00.0,,,,,12:43.0,12:43.0,Fall,2020
764,2,t,00:00.0,,,,,12:43.0,12:43.0,Spring,2020
765,2,t,00:00.0,,,,,12:43.0,12:43.0,Fall,2020
766,2,t,00:00.0,,,,,12:43.0,12:43.0,Spring,2020
767,2,t,00:00.0,,,,,12:43.0,12:43.0,Fall,2020
768,2,t,00:00.0,,,,,12:43.0,12:43.0,Spring,2020
769,2,t,00:00.0,,,,,12:43.0,12:43.0,Fall,2020
770,2,t,00:00.0,,,,,12:43.0,12:43.0,Spring,2020
771,2,t,00:00.0,,,,,12:43.0,12:43.0,Fall,2020
772,2,t,00:00.0,,,,,12:43.0,12:43.0,Spring,2020
773,2,t,00:00.0,,,,,12:43.0,12:43.0,Fall,2020
774,2,t,00:00.0,,,,,12:43.0,12:43.0,Spring,2020
775,2,t,00:00.0,,,,,12:43.0,12:43.0,Fall,2020
776,2,t,00:00.0,,,,,12:43.0,12:43.0,Spring,2020
777,2,t,00:00.0,,,,,12:43.0,12:43.0,Fall,2020
778,2,t,00:00.0,,,,,12:43.0,12:43.0,Spring,2020
779,2,t,00:00.0,,,,,12:43.0,12:43.0,Fall,2020
780,2,t,00:00.0,,,,,12:43.0,12:43.0,Spring,2020
781,2,t,00:00.0,,,,,12:43.0,12:43.0,Fall,2020
782,2,t,00:00.0,,,,,12:43.0,12:43.0,Spring,2020
783,2,t,00:00.0,,,,,12:43.0,12:43.0,Fall,2020
784,2,t,00:00.0,,,,,12:43.0,12:43.0,Spring,2020
785,2,t,00:00.0,,,,,12:43.0,12:43.0,Fall,2020
786,2,t,00:00.0,,,,,12:43.0,12:43.0,Spring,2020
787,2,t,00:00.0,,,,,12:43.0,12:43.0,Fall,2020
788,2,t,00:00.0,,,,,12:43.0,12:43.0,Spring,2020
789,2,t,00:00.0,,,,,12:43.0,12:43.0,Fall,2020
790,2,t,00:00.0,,,,,12:43.0,12:43.0,Spring,2020
791,2,t,00:00.0,,,,,12:43.0,12:43.0,Fall,2020
792,2,t,00:00.0,,,,,12:43.0,12:43.0,Spring,2020
793,2,t,00:00.0,,,,,12:43.0,12:43.0,Fall,2020
794,2,t,00:00.0,,,,,12:43.0,12:43.0,Spring,2020
795,2,t,00:00.0,,,,,12:43.0,12:43.0,Fall,2020
796,2,t,00:00.0,,,,,12:43.0,12:43.0,Spring,2020
797,2,t,00:00.0,,,,,12:43.0,12:43.0,Fall,2020
798,2,t,00:00.0,,,,,12:43.0,12:43.0,Spring,2020
799,2,t,00:00.0,,,,,12:43.0,12:43.0,Fall,2020
800,2,t,00:00.0,,,,,12:43.0,12:43.0,Spring,2020
801,2,t,00:00.0,,,,,12:43.0,12:43.0,Fall,2020
802,2,t,00:00.0,,,,,12:43.0,12:43.0,Spring,2020
803,2,t,00:00.0,,,,,12:43.0,12:43.0,Fall,2020
804,2,t,00:00.0,,,,,12:43.0,12:43.0,Spring,2020
805,2,t,00:00.0,,,,,12:43.0,12:43.0,Fall,2020
806,2,t,00:00.0,,,,,12:43.0,12:43.0,Spring,2020
807,2,t,00:00.0,,,,,12:43.0,12:43.0,Fall,2020
808,2,t,00:00.0,,,,,12:43.0,12:43.0,Spring,2020
809,2,t,00:00.0,,,,,12:43.0,12:43.0,Fall,2020
810,2,t,00:00.0,,,,,12:43.0,12:43.0,Spring,2020
811,2,t,00:00.0,,,,,12:43.0,12:43.0,Fall,2020
812,2,t,00:00.0,,,,,12:43.0,12:43.0,Spring,2020
813,2,t,00:00.0,,,,,12:43.0,12:43.0,Fall,2020
814,2,t,00:00.0,,,,,12:43.0,12:43.0,Spring,2020
815,2,t,00:00.0,,,,,12:43.0,12:43.0,Fall,2020
816,2,t,00:00.0,,,,,12:43.0,12:43.0,Spring,2020
817,2,t,00:00.0,,,,,12:43.0,12:43.0,Fall,2020
818,2,t,00:00.0,,,,,12:43.0,12:43.0,Spring,2020
819,2,t,00:00.0,,,,,12:43.0,12:43.0,Fall,2020
820,2,t,00:00.0,,,,,12:43.0,12:43.0,Spring,2020
821,2,t,00:00.0,,,,,12:43.0,12:43.0,Fall,2020
822,2,t,00:00.0,,,,,12:43.0,12:43.0,Spring,2020
823,2,t,00:00.0,,,,,12:43.0,12:43.0,Fall,2020
824,2,t,00:00.0,,,,,12:43.0,12:43.0,Spring,2020
825,2,t,00:00.0,,,,,12:43.0,12:43.0,Fall,2020
826,2,t,00:00.0,,,,,12:43.0,12:43.0,Spring,2020
827,2,t,00:00.0,,,,,12:43.0,12:43.0,Fall,2020
828,2,t,00:00.0,,,,,12:43.0,12:43.0,Spring,2020
829,2,t,00:00.0,,,,,12:43.0,12:43.0,Fall,2020
830,2,t,00:00.0,,,,,12:43.0,12:43.0,Spring,2020
831,2,t,00:00.0,,,,,12:43.0,12:43.0,Fall,2020
832,2,t,00:00.0,,,,,12:43.0,12:43.0,Spring,2020
833,2,t,00:00.0,,,,,12:43.0,12:43.0,Fall,2020
834,2,t,00:00.0,,,,,12:43.0,12:43.0,Spring,2020
835,2,t,00:00.0,,,,,12:43.0,12:43.0,Fall,2020
836,2,t,00:00.0,,,,,12:43.0,12:43.0,Spring,2020
837,2,t,00:00.0,,,,,12:43.0,12:43.0,Fall,2020
838,2,t,00:00.0,,,,,12:43.0,12:43.0,Spring,2020
839,2,t,00:00.0,,,,,12:43.0,12:43.0,Fall,2020
840,2,t,00:00.0,,,,,12:43.0,12:43.0,Spring,2020
841,2,t,00:00.0,,,,,12:43.0,12:43.0,Fall,2020
842,2,t,00:00.0,,,,,12:43.0,12:43.0,Spring,2020
843,2,t,00:00.0,,,,,12:43.0,12:43.0,Fall,2020
844,2,t,00:00.0,,,,,12:43.0,12:43.0,Spring,2020
845,2,t,00:00.0,,,,,12:43.0,12:43.0,Fall,2020
846,2,t,00:00.0,,,,,12:43.0,12:43.0,Spring,2020
847,2,t,00:00.0,,,,,12:43.0,12:43.0,Fall,2020
848,2,t,00:00.0,,,,,12:43.0,12:43.0,Spring,2020
849,2,t,00:00.0,,,,,12:43.0,12:43.0,Fall,2020
850,2,t,00:00.0,,,,,12:43.0,12:43.0,Spring,2020
851,2,t,00:00.0,,,,,12:43.0,12:43.0,Fall,2020
852,2,t,00:00.0,,,,,12:43.0,12:43.0,Spring,2020
853,2,t,00:00.0,,,,,12:43.0,12:43.0,Fall,2020
854,2,t,00:00.0,,,,,12:43.0,12:43.0,Spring,2020
855,2,t,00:00.0,,,,,12:43.0,12:43.0,Fall,2020
856,2,t,00:00.0,,,,,12:43.0,12:43.0,Spring,2020
857,2,t,00:00.0,,,,,12:43.0,12:43.0,Fall,2020
858,2,t,00:00.0,,,,,12:43.0,12:43.0,Spring,2020
859,2,t,00:00.0,,,,,12:43.0,12:43.0,Fall,2020
860,2,t,00:00.0,,,,,12:43.0,12:43.0,Spring,2020
861,2,t,00:00.0,,,,,12:43.0,12:43.0,Fall,2020
862,2,t,00:00.0,,,,,12:43.0,12:43.0,Spring,2020
863,2,t,00:00.0,,,,,12:43.0,12:43.0,Fall,2020
864,2,t,00:00.0,,,,,12:43.0,12:43.0,Spring,2020
865,2,t,00:00.0,,,,,12:43.0,12:43.0,Fall,2020
866,2,t,00:00.0,,,,,12:43.0,12:43.0,Spring,2020
867,2,t,00:00.0,,,,,12:43.0,12:43.0,Fall,2020
868,2,t,00:00.0,,,,,12:43.0,12:43.0,Spring,2020
869,2,t,00:00.0,,,,,12:43.0,12:43.0,Fall,2020
870,2,t,00:00.0,,,,,12:43.0,12:43.0,Spring,2020
871,2,t,00:00.0,,,,,12:43.0,12:43.0,Fall,2020
872,2,t,00:00.0,,,,,12:43.0,12:43.0,Spring,2020
873,2,t,00:00.0,,,,,12:43.0,12:43.0,Fall,2020
874,2,t,00:00.0,,,,,12:43.0,12:43.0,Spring,2020
875,2,t,00:00.0,,,,,12:43.0,12:43.0,Fall,2020
876,2,t,00:00.0,,,,,12:43.0,12:43.0,Spring,2020
877,2,t,00:00.0,,,,,12:43.0,12:43.0,Fall,2020
878,2,t,00:00.0,,,,,12:43.0,12:43.0,Spring,2020
879,2,t,00:00.0,,,,,12:43.0,12:43.0,Fall,2020
880,2,t,00:00.0,,,,,12:43.0,12:43.0,Spring,2020
881,2,t,00:00.0,,,,,12:43.0,12:43.0,Fall,2020
882,2,t,00:00.0,,,,,12:43.0,12:43.0,Spring,2020
883,2,t,00:00.0,,,,,12:43.0,12:43.0,Fall,2020
884,2,t,00:00.0,,,,,12:43.0,12:43.0,Spring,2020
885,2,t,00:00.0,,,,,12:43.0,12:43.0,Fall,2020
886,2,t,00:00.0,,,,,12:43.0,12:43.0,Spring,2020
887,2,t,00:00.0,,,,,12:43.0,12:43.0,Fall,2020
888,2,t,00:00.0,,,,,12:43.0,12:43.0,Spring,2020
889,2,t,00:00.0,,,,,12:43.0,12:43.0,Fall,2020
890,2,t,00:00.0,,,,,12:43.0,12:43.0,Spring,2020
891,2,t,00:00.0,,,,,12:43.0,12:43.0,Fall,2020
892,2,t,00:00.0,,,,,12:43.0,12:43.0,Spring,2020
893,2,t,00:00.0,,,,,12:43.0,12:43.0,Fall,2020
894,2,t,00:00.0,,,,,12:43.0,12:43.0,Spring,2020
895,2,t,00:00.0,,,,,12:43.0,12:43.0,Fall,2020
896,2,t,00:00.0,,,,,12:43.0,12:43.0,Spring,2020
897,2,t,00:00.0,,,,,12:43.0,12:43.0,Fall,2020
898,2,t,00:00.0,,,,,12:43.0,12:43.0,Spring,2020
899,2,t,00:00.0,,,,,12:43.0,12:43.0,Fall,2020
900,3,t,00:00.0,,,,,12:43.0,12:43.0,Spring,2020
901,3,t,00:00.0,,,,,12:43.0,12:43.0,Fall,2020
902,3,t,00:00.0,,,,,12:43.0,12:43.0,Spring,2020
903,3,t,00:00.0,,,,,12:43.0,12:43.0,Fall,2020
904,3,t,00:00.0,,,,,12:43.0,12:43.0,Spring,2020
905,3,t,00:00.0,,,,,12:43.0,12:43.0,Fall,2020
906,3,t,00:00.0,,,,,12:43.0,12:43.0,Spring,2020
907,3,t,00:00.0,,,,,12:43.0,12:43.0,Fall,2020
908,3,t,00:00.0,,,,,12:43.0,12:43.0,Spring,2020
909,3,t,00:00.0,,,,,12:43.0,12:43.0,Fall,2020
910,3,t,00:00.0,,,,,12:43.0,12:43.0,Spring,2020
911,3,t,00:00.0,,,,,12:43.0,12:43.0,Fall,2020
912,3,t,00:00.0,,,,,12:43.0,12:43.0,Spring,2020
913,3,t,00:00.0,,,,,12:43.0,12:43.0,Fall,2020
914,3,t,00:00.0,,,,,12:43.0,12:43.0,Spring,2020
915,3,t,00:00.0,,,,,12:43.0,12:43.0,Fall,2020
916,3,t,00:00.0,,,,,12:43.0,12:43.0,Spring,2020
917,3,t,00:00.0,,,,,12:43.0,12:43.0,Fall,2020
918,3,t,00:00.0,,,,,12:43.0,12:43.0,Spring,2020
919,3,t,00:00.0,,,,,12:43.0,12:43.0,Fall,2020
920,3,t,00:00.0,,,,,12:43.0,12:43.0,Spring,2020
921,3,t,00:00.0,,,,,12:43.0,12:43.0,Fall,2020
922,3,t,00:00.0,,,,,12:43.0,12:43.0,Spring,2020
923,3,t,00:00.0,,,,,12:43.0,12:43.0,Fall,2020
924,3,t,00:00.0,,,,,12:43.0,12:43.0,Spring,2020
925,3,t,00:00.0,,,,,12:43.0,12:43.0,Fall,2020
926,3,t,00:00.0,,,,,12:43.0,12:43.0,Spring,2020
927,3,t,00:00.0,,,,,12:43.0,12:43.0,Fall,2020
928,3,t,00:00.0,,,,,12:43.0,12:43.0,Spring,2020
929,3,t,00:00.0,,,,,12:43.0,12:43.0,Fall,2020
930,3,t,00:00.0,,,,,12:43.0,12:43.0,Spring,2020
931,3,t,00:00.0,,,,,12:43.0,12:43.0,Fall,2020
932,3,t,00:00.0,,,,,12:43.0,12:43.0,Spring,2020
933,3,t,00:00.0,,,,,12:43.0,12:43.0,Fall,2020
934,3,t,00:00.0,,,,,12:43.0,12:43.0,Spring,2020
935,3,t,00:00.0,,,,,12:43.0,12:43.0,Fall,2020
936,3,t,00:00.0,,,,,12:43.0,12:43.0,Spring,2020
937,3,t,00:00.0,,,,,12:43.0,12:43.0,Fall,2020
938,3,t,00:00.0,,,,,12:43.0,12:43.0,Spring,2020
939,3,t,00:00.0,,,,,12:43.0,12:43.0,Fall,2020
940,3,t,00:00.0,,,,,12:43.0,12:43.0,Spring,2020
941,3,t,00:00.0,,,,,12:43.0,12:43.0,Fall,2020
942,3,t,00:00.0,,,,,12:43.0,12:43.0,Spring,2020
943,3,t,00:00.0,,,,,12:43.0,12:43.0,Fall,2020
944,3,t,00:00.0,,,,,12:43.0,12:43.0,Spring,2020
945,3,t,00:00.0,,,,,12:43.0,12:43.0,Fall,2020
946,3,t,00:00.0,,,,,12:43.0,12:43.0,Spring,2020
947,3,t,00:00.0,,,,,12:43.0,12:43.0,Fall,2020
948,3,t,00:00.0,,,,,12:43.0,12:43.0,Spring,2020
949,3,t,00:00.0,,,,,12:43.0,12:43.0,Fall,2020
950,3,t,00:00.0,,,,,12:43.0,12:43.0,Spring,2020
951,3,t,00:00.0,,,,,12:43.0,12:43.0,Fall,2020
952,3,t,00:00.0,,,,,12:43.0,12:43.0,Spring,2020
953,3,t,00:00.0,,,,,12:43.0,12:43.0,Fall,2020
954,3,t,00:00.0,,,,,12:43.0,12:43.0,Spring,2020
955,3,t,00:00.0,,,,,12:43.0,12:43.0,Fall,2020
956,3,t,00:00.0,,,,,12:43.0,12:43.0,Spring,2020
957,3,t,00:00.0,,,,,12:43.0,12:43.0,Fall,2020
958,3,t,00:00.0,,,,,12:43.0,12:43.0,Spring,2020
959,3,t,00:00.0,,,,,12:43.0,12:43.0,Fall,2020
960,3,t,00:00.0,,,,,12:43.0,12:43.0,Spring,2020
961,3,t,00:00.0,,,,,12:43.0,12:43.0,Fall,2020
962,3,t,00:00.0,,,,,12:43.0,12:43.0,Spring,2020
963,3,t,00:00.0,,,,,12:43.0,12:43.0,Fall,2020
964,3,t,00:00.0,,,,,12:43.0,12:43.0,Spring,2020
965,3,t,00:00.0,,,,,12:43.0,12:43.0,Fall,2020
966,3,t,00:00.0,,,,,12:43.0,12:43.0,Spring,2020
967,3,t,00:00.0,,,,,12:43.0,12:43.0,Fall,2020
968,3,t,00:00.0,,,,,12:43.0,12:43.0,Spring,2020
969,3,t,00:00.0,,,,,12:43.0,12:43.0,Fall,2020
970,3,t,00:00.0,,,,,12:43.0,12:43.0,Spring,2020
971,3,t,00:00.0,,,,,12:43.0,12:43.0,Fall,2020
972,3,t,00:00.0,,,,,12:43.0,12:43.0,Spring,2020
973,3,t,00:00.0,,,,,12:43.0,12:43.0,Fall,2020
974,3,t,00:00.0,,,,,12:43.0,12:43.0,Spring,2020
975,3,t,00:00.0,,,,,12:43.0,12:43.0,Fall,2020
976,3,t,00:00.0,,,,,12:43.0,12:43.0,Spring,2020
977,3,t,00:00.0,,,,,12:43.0,12:43.0,Fall,2020
978,3,t,00:00.0,,,,,12:43.0,12:43.0,Spring,2020
979,3,t,00:00.0,,,,,12:43.0,12:43.0,Fall,2020
980,3,t,00:00.0,,,,,12:43.0,12:43.0,Spring,2020
981,3,t,00:00.0,,,,,12:43.0,12:43.0,Fall,2020
982,3,t,00:00.0,,,,,12:43.0,12:43.0,Spring,2020
983,3,t,00:00.0,,,,,12:43.0,12:43.0,Fall,2020
984,3,t,00:00.0,,,,,12:43.0,12:43.0,Spring,2020
985,3,t,00:00.0,,,,,12:43.0,12:43.0,Fall,2020
986,3,t,00:00.0,,,,,12:43.0,12:43.0,Spring,2020
987,3,t,00:00.0,,,,,12:43.0,12:43.0,Fall,2020
988,3,t,00:00.0,,,,,12:43.0,12:43.0,Spring,2020
989,3,t,00:00.0,,,,,12:43.0,12:43.0,Fall,2020
990,3,t,00:00.0,,,,,12:43.0,12:43.0,Spring,2020
991,3,t,00:00.0,,,,,12:43.0,12:43.0,Fall,2020
992,3,t,00:00.0,,,,,12:43.0,12:43.0,Spring,2020
993,3,t,00:00.0,,,,,12:43.0,12:43.0,Fall,2020
994,3,t,00:00.0,,,,,12:43.0,12:43.0,Spring,2020
995,3,t,00:00.0,,,,,12:43.0,12:43.0,Fall,2020
996,3,t,00:00.0,,,,,12:43.0,12:43.0,Spring,2020
997,3,t,00:00.0,,,,,12:43.0,12:43.0,Fall,2020
998,3,t,00:00.0,,,,,12:43.0,12:43.0,Spring,2020
999,3,t,00:00.0,,,,,12:43.0,12:43.0,Fall,2020
1000,61,t,00:00.0,,,,,12:43.0,12:43.0,Fall,2020
13,4,t,00:00.0,,,,,12:43.0,12:43.0,Fall,2019
14,4,t,00:00.0,,,,,12:43.0,12:43.0,Spring,2019
15,4,t,00:00.0,,,,,12:43.0,12:43.0,Fall,2019
16,4,t,00:00.0,,,,,12:43.0,12:43.0,Spring,2019
17,4,t,00:00.0,,,,,12:43.0,12:43.0,Fall,2019
18,4,t,00:00.0,,,,,12:43.0,12:43.0,Spring,2019
19,4,t,00:00.0,,,,,12:43.0,12:43.0,Fall,2019
20,4,t,00:00.0,,,,,12:43.0,12:43.0,Spring,2019
21,4,t,00:00.0,,,,,12:43.0,12:43.0,Fall,2019
22,4,t,00:00.0,,,,,12:43.0,12:43.0,Spring,2019
23,4,t,00:00.0,,,,,12:43.0,12:43.0,Fall,2019
24,4,t,00:00.0,,,,,12:43.0,12:43.0,Spring,2019
25,4,t,00:00.0,,,,,12:43.0,12:43.0,Fall,2019
26,4,t,00:00.0,,,,,12:43.0,12:43.0,Spring,2019
27,4,t,00:00.0,,,,,12:43.0,12:43.0,Fall,2019
28,4,t,00:00.0,,,,,12:43.0,12:43.0,Spring,2019
29,4,t,00:00.0,,,,,12:43.0,12:43.0,Fall,2019
30,4,t,00:00.0,,,,,12:43.0,12:43.0,Spring,2019
31,4,t,00:00.0,,,,,12:43.0,12:43.0,Fall,2019
32,4,t,00:00.0,,,,,12:43.0,12:43.0,Spring,2019
33,4,t,00:00.0,,,,,12:43.0,12:43.0,Fall,2019
34,4,t,00:00.0,,,,,12:43.0,12:43.0,Spring,2019
35,4,t,00:00.0,,,,,12:43.0,12:43.0,Fall,2019
36,4,t,00:00.0,,,,,12:43.0,12:43.0,Spring,2019
37,4,t,00:00.0,,,,,12:43.0,12:43.0,Fall,2019
38,4,t,00:00.0,,,,,12:43.0,12:43.0,Spring,2019
39,4,t,00:00.0,,,,,12:43.0,12:43.0,Fall,2019
40,4,t,00:00.0,,,,,12:43.0,12:43.0,Spring,2019
41,4,t,00:00.0,,,,,12:43.0,12:43.0,Fall,2019
42,4,t,00:00.0,,,,,12:43.0,12:43.0,Spring,2019
43,4,t,00:00.0,,,,,12:43.0,12:43.0,Fall,2019
44,4,t,00:00.0,,,,,12:43.0,12:43.0,Spring,2019
45,4,t,00:00.0,,,,,12:43.0,12:43.0,Fall,2019
46,4,t,00:00.0,,,,,12:43.0,12:43.0,Spring,2019
47,4,t,00:00.0,,,,,12:43.0,12:43.0,Fall,2019
48,4,t,00:00.0,,,,,12:43.0,12:43.0,Spring,2019
49,4,t,00:00.0,,,,,12:43.0,12:43.0,Fall,2019
50,4,t,00:00.0,,,,,12:43.0,12:43.0,Spring,2019
51,4,t,00:00.0,,,,,12:43.0,12:43.0,Fall,2019
52,4,t,00:00.0,,,,,12:43.0,12:43.0,Spring,2019
53,4,t,00:00.0,,,,,12:43.0,12:43.0,Fall,2019
54,4,t,00:00.0,,,,,12:43.0,12:43.0,Spring,2019
55,4,t,00:00.0,,,,,12:43.0,12:43.0,Fall,2019
56,4,t,00:00.0,,,,,12:43.0,12:43.0,Spring,2019
57,4,t,00:00.0,,,,,12:43.0,12:43.0,Fall,2019
58,4,t,00:00.0,,,,,12:43.0,12:43.0,Spring,2019
59,4,t,00:00.0,,,,,12:43.0,12:43.0,Fall,2019
60,4,t,00:00.0,,,,,12:43.0,12:43.0,Spring,2019
61,4,t,00:00.0,,,,,12:43.0,12:43.0,Fall,2019
62,4,t,00:00.0,,,,,12:43.0,12:43.0,Spring,2019
63,4,t,00:00.0,,,,,12:43.0,12:43.0,Fall,2019
64,4,t,00:00.0,,,,,12:43.0,12:43.0,Spring,2019
65,4,t,00:00.0,,,,,12:43.0,12:43.0,Fall,2019
66,4,t,00:00.0,,,,,12:43.0,12:43.0,Spring,2019
67,4,t,00:00.0,,,,,12:43.0,12:43.0,Fall,2019
68,4,t,00:00.0,,,,,12:43.0,12:43.0,Spring,2019
69,4,t,00:00.0,,,,,12:43.0,12:43.0,Fall,2019
70,4,t,00:00.0,,,,,12:43.0,12:43.0,Spring,2019
71,4,t,00:00.0,,,,,12:43.0,12:43.0,Fall,2019
72,4,t,00:00.0,,,,,12:43.0,12:43.0,Spring,2019
73,4,t,00:00.0,,,,,12:43.0,12:43.0,Fall,2019
74,4,t,00:00.0,,,,,12:43.0,12:43.0,Spring,2019
75,4,t,00:00.0,,,,,12:43.0,12:43.0,Fall,2019
76,4,t,00:00.0,,,,,12:43.0,12:43.0,Spring,2019
77,4,t,00:00.0,,,,,12:43.0,12:43.0,Fall,2019
78,4,t,00:00.0,,,,,12:43.0,12:43.0,Spring,2019
79,4,t,00:00.0,,,,,12:43.0,12:43.0,Fall,2019
80,4,t,00:00.0,,,,,12:43.0,12:43.0,Spring,2019
81,4,t,00:00.0,,,,,12:43.0,12:43.0,Fall,2019
82,4,t,00:00.0,,,,,12:43.0,12:43.0,Spring,2019
83,4,t,00:00.0,,,,,12:43.0,12:43.0,Fall,2019
84,4,t,00:00.0,,,,,12:43.0,12:43.0,Spring,2019
85,4,t,00:00.0,,,,,12:43.0,12:43.0,Fall,2019
86,4,t,00:00.0,,,,,12:43.0,12:43.0,Spring,2019
87,4,t,00:00.0,,,,,12:43.0,12:43.0,Fall,2019
88,4,t,00:00.0,,,,,12:43.0,12:43.0,Spring,2019
89,4,t,00:00.0,,,,,12:43.0,12:43.0,Fall,2019
90,4,t,00:00.0,,,,,12:43.0,12:43.0,Spring,2019
91,4,t,00:00.0,,,,,12:43.0,12:43.0,Fall,2019
92,4,t,00:00.0,,,,,12:43.0,12:43.0,Spring,2019
93,4,t,00:00.0,,,,,12:43.0,12:43.0,Fall,2019
94,4,t,00:00.0,,,,,12:43.0,12:43.0,Spring,2019
95,4,t,00:00.0,,,,,12:43.0,12:43.0,Fall,2019
96,4,t,00:00.0,,,,,12:43.0,12:43.0,Spring,2019
97,4,t,00:00.0,,,,,12:43.0,12:43.0,Fall,2019
98,4,t,00:00.0,,,,,12:43.0,12:43.0,Spring,2019
99,4,t,00:00.0,,,,,12:43.0,12:43.0,Fall,2019
100,5,t,00:00.0,,,,,12:43.0,12:43.0,Spring,2019
101,5,t,00:00.0,,,,,12:43.0,12:43.0,Fall,2019
102,5,t,00:00.0,,,,,12:43.0,12:43.0,Spring,2019
103,5,t,00:00.0,,,,,12:43.0,12:43.0,Fall,2019
104,5,t,00:00.0,,,,,12:43.0,12:43.0,Spring,2019
105,5,t,00:00.0,,,,,12:43.0,12:43.0,Fall,2019
106,5,t,00:00.0,,,,,12:43.0,12:43.0,Spring,2019
107,5,t,00:00.0,,,,,12:43.0,12:43.0,Fall,2019
108,5,t,00:00.0,,,,,12:43.0,12:43.0,Spring,2019
109,5,t,00:00.0,,,,,12:43.0,12:43.0,Fall,2019
110,5,t,00:00.0,,,,,12:43.0,12:43.0,Spring,2019
111,5,t,00:00.0,,,,,12:43.0,12:43.0,Fall,2019
112,5,t,00:00.0,,,,,12:43.0,12:43.0,Spring,2019
113,5,t,00:00.0,,,,,12:43.0,12:43.0,Fall,2019
114,5,t,00:00.0,,,,,12:43.0,12:43.0,Spring,2019
115,5,t,00:00.0,,,,,12:43.0,12:43.0,Fall,2019
116,5,t,00:00.0,,,,,12:43.0,12:43.0,Spring,2019
117,5,t,00:00.0,,,,,12:43.0,12:43.0,Fall,2019
118,5,t,00:00.0,,,,,12:43.0,12:43.0,Spring,2019
119,5,t,00:00.0,,,,,12:43.0,12:43.0,Fall,2019
120,5,t,00:00.0,,,,,12:43.0,12:43.0,Spring,2019
121,5,t,00:00.0,,,,,12:43.0,12:43.0,Fall,2019
122,5,t,00:00.0,,,,,12:43.0,12:43.0,Spring,2019
123,5,t,00:00.0,,,,,12:43.0,12:43.0,Fall,2019
124,5,t,00:00.0,,,,,12:43.0,12:43.0,Spring,2019
125,5,t,00:00.0,,,,,12:43.0,12:43.0,Fall,2019
126,5,t,00:00.0,,,,,12:43.0,12:43.0,Spring,2019
127,5,t,00:00.0,,,,,12:43.0,12:43.0,Fall,2019
128,5,t,00:00.0,,,,,12:43.0,12:43.0,Spring,2019
129,5,t,00:00.0,,,,,12:43.0,12:43.0,Fall,2019
130,5,t,00:00.0,,,,,12:43.0,12:43.0,Spring,2019
131,5,t,00:00.0,,,,,12:43.0,12:43.0,Fall,2019
132,5,t,00:00.0,,,,,12:43.0,12:43.0,Spring,2019
133,5,t,00:00.0,,,,,12:43.0,12:43.0,Fall,2019
134,5,t,00:00.0,,,,,12:43.0,12:43.0,Spring,2019
135,5,t,00:00.0,,,,,12:43.0,12:43.0,Fall,2019
136,5,t,00:00.0,,,,,12:43.0,12:43.0,Spring,2019
137,5,t,00:00.0,,,,,12:43.0,12:43.0,Fall,2019
138,5,t,00:00.0,,,,,12:43.0,12:43.0,Spring,2019
139,5,t,00:00.0,,,,,12:43.0,12:43.0,Fall,2019
140,5,t,00:00.0,,,,,12:43.0,12:43.0,Spring,2019
141,5,t,00:00.0,,,,,12:43.0,12:43.0,Fall,2019
142,5,t,00:00.0,,,,,12:43.0,12:43.0,Spring,2019
143,5,t,00:00.0,,,,,12:43.0,12:43.0,Fall,2019
144,5,t,00:00.0,,,,,12:43.0,12:43.0,Spring,2019
145,5,t,00:00.0,,,,,12:43.0,12:43.0,Fall,2019
146,5,t,00:00.0,,,,,12:43.0,12:43.0,Spring,2019
147,5,t,00:00.0,,,,,12:43.0,12:43.0,Fall,2019
148,5,t,00:00.0,,,,,12:43.0,12:43.0,Spring,2019
149,5,t,00:00.0,,,,,12:43.0,12:43.0,Fall,2019
150,5,t,00:00.0,,,,,12:43.0,12:43.0,Spring,2019
151,5,t,00:00.0,,,,,12:43.0,12:43.0,Fall,2019
152,5,t,00:00.0,,,,,12:43.0,12:43.0,Spring,2019
153,5,t,00:00.0,,,,,12:43.0,12:43.0,Fall,2019
154,5,t,00:00.0,,,,,12:43.0,12:43.0,Spring,2019
155,5,t,00:00.0,,,,,12:43.0,12:43.0,Fall,2019
156,5,t,00:00.0,,,,,12:43.0,12:43.0,Spring,2019
157,5,t,00:00.0,,,,,12:43.0,12:43.0,Fall,2019
158,5,t,00:00.0,,,,,12:43.0,12:43.0,Spring,2019
159,5,t,00:00.0,,,,,12:43.0,12:43.0,Fall,2019
160,5,t,00:00.0,,,,,12:43.0,12:43.0,Spring,2019
161,5,t,00:00.0,,,,,12:43.0,12:43.0,Fall,2019
162,5,t,00:00.0,,,,,12:43.0,12:43.0,Spring,2019
163,5,t,00:00.0,,,,,12:43.0,12:43.0,Fall,2019
164,5,t,00:00.0,,,,,12:43.0,12:43.0,Spring,2019
165,5,t,00:00.0,,,,,12:43.0,12:43.0,Fall,2019
166,5,t,00:00.0,,,,,12:43.0,12:43.0,Spring,2019
167,5,t,00:00.0,,,,,12:43.0,12:43.0,Fall,2019
168,5,t,00:00.0,,,,,12:43.0,12:43.0,Spring,2019
169,5,t,00:00.0,,,,,12:43.0,12:43.0,Fall,2019
170,5,t,00:00.0,,,,,12:43.0,12:43.0,Spring,2019
171,5,t,00:00.0,,,,,12:43.0,12:43.0,Fall,2019
172,5,t,00:00.0,,,,,12:43.0,12:43.0,Spring,2019
173,5,t,00:00.0,,,,,12:43.0,12:43.0,Fall,2019
174,5,t,00:00.0,,,,,12:43.0,12:43.0,Spring,2019
175,5,t,00:00.0,,,,,12:43.0,12:43.0,Fall,2019
176,5,t,00:00.0,,,,,12:43.0,12:43.0,Spring,2019
177,5,t,00:00.0,,,,,12:43.0,12:43.0,Fall,2019
178,5,t,00:00.0,,,,,12:43.0,12:43.0,Spring,2019
179,5,t,00:00.0,,,,,12:43.0,12:43.0,Fall,2019
180,5,t,00:00.0,,,,,12:43.0,12:43.0,Spring,2019
181,5,t,00:00.0,,,,,12:43.0,12:43.0,Fall,2019
182,5,t,00:00.0,,,,,12:43.0,12:43.0,Spring,2019
183,5,t,00:00.0,,,,,12:43.0,12:43.0,Fall,2019
184,5,t,00:00.0,,,,,12:43.0,12:43.0,Spring,2019
185,5,t,00:00.0,,,,,12:43.0,12:43.0,Fall,2019
186,5,t,00:00.0,,,,,12:43.0,12:43.0,Spring,2019
187,5,t,00:00.0,,,,,12:43.0,12:43.0,Fall,2019
188,5,t,00:00.0,,,,,12:43.0,12:43.0,Spring,2019
189,5,t,00:00.0,,,,,12:43.0,12:43.0,Fall,2019
190,5,t,00:00.0,,,,,12:43.0,12:43.0,Spring,2019
191,5,t,00:00.0,,,,,12:43.0,12:43.0,Fall,2019
192,5,t,00:00.0,,,,,12:43.0,12:43.0,Spring,2019
193,5,t,00:00.0,,,,,12:43.0,12:43.0,Fall,2019
194,5,t,00:00.0,,,,,12:43.0,12:43.0,Spring,2019
195,5,t,00:00.0,,,,,12:43.0,12:43.0,Fall,2019
196,5,t,00:00.0,,,,,12:43.0,12:43.0,Spring,2019
197,5,t,00:00.0,,,,,12:43.0,12:43.0,Fall,2019
198,5,t,00:00.0,,,,,12:43.0,12:43.0,Spring,2019
199,5,t,00:00.0,,,,,12:43.0,12:43.0,Fall,2019
200,5,t,00:00.0,,,,,12:43.0,12:43.0,Spring,2019
201,5,t,00:00.0,,,,,12:43.0,12:43.0,Fall,2019
202,5,t,00:00.0,,,,,12:43.0,12:43.0,Spring,2019
203,5,t,00:00.0,,,,,12:43.0,12:43.0,Fall,2019
204,5,t,00:00.0,,,,,12:43.0,12:43.0,Spring,2019
205,5,t,00:00.0,,,,,12:43.0,12:43.0,Fall,2019
206,5,t,00:00.0,,,,,12:43.0,12:43.0,Spring,2019
207,5,t,00:00.0,,,,,12:43.0,12:43.0,Fall,2019
208,5,t,00:00.0,,,,,12:43.0,12:43.0,Spring,2019
209,5,t,00:00.0,,,,,12:43.0,12:43.0,Fall,2019
210,5,t,00:00.0,,,,,12:43.0,12:43.0,Spring,2019
211,5,t,00:00.0,,,,,12:43.0,12:43.0,Fall,2019
212,5,t,00:00.0,,,,,12:43.0,12:43.0,Spring,2019
213,5,t,00:00.0,,,,,12:43.0,12:43.0,Fall,2019
214,5,t,00:00.0,,,,,12:43.0,12:43.0,Spring,2019
215,5,t,00:00.0,,,,,12:43.0,12:43.0,Fall,2019
216,5,t,00:00.0,,,,,12:43.0,12:43.0,Spring,2019
217,5,t,00:00.0,,,,,12:43.0,12:43.0,Fall,2019
218,5,t,00:00.0,,,,,12:43.0,12:43.0,Spring,2019
219,5,t,00:00.0,,,,,12:43.0,12:43.0,Fall,2019
220,5,t,00:00.0,,,,,12:43.0,12:43.0,Spring,2019
221,5,t,00:00.0,,,,,12:43.0,12:43.0,Fall,2019
222,5,t,00:00.0,,,,,12:43.0,12:43.0,Spring,2019
223,5,t,00:00.0,,,,,12:43.0,12:43.0,Fall,2019
224,5,t,00:00.0,,,,,12:43.0,12:43.0,Spring,2019
225,5,t,00:00.0,,,,,12:43.0,12:43.0,Fall,2019
226,5,t,00:00.0,,,,,12:43.0,12:43.0,Spring,2019
227,5,t,00:00.0,,,,,12:43.0,12:43.0,Fall,2019
228,5,t,00:00.0,,,,,12:43.0,12:43.0,Spring,2019
229,5,t,00:00.0,,,,,12:43.0,12:43.0,Fall,2019
230,5,t,00:00.0,,,,,12:43.0,12:43.0,Spring,2019
231,5,t,00:00.0,,,,,12:43.0,12:43.0,Fall,2019
232,5,t,00:00.0,,,,,12:43.0,12:43.0,Spring,2019
233,5,t,00:00.0,,,,,12:43.0,12:43.0,Fall,2019
234,5,t,00:00.0,,,,,12:43.0,12:43.0,Spring,2019
235,5,t,00:00.0,,,,,12:43.0,12:43.0,Fall,2019
236,5,t,00:00.0,,,,,12:43.0,12:43.0,Spring,2019
237,5,t,00:00.0,,,,,12:43.0,12:43.0,Fall,2019
238,5,t,00:00.0,,,,,12:43.0,12:43.0,Spring,2019
239,5,t,00:00.0,,,,,12:43.0,12:43.0,Fall,2019
240,5,t,00:00.0,,,,,12:43.0,12:43.0,Spring,2019
241,5,t,00:00.0,,,,,12:43.0,12:43.0,Fall,2019
242,5,t,00:00.0,,,,,12:43.0,12:43.0,Spring,2019
243,5,t,00:00.0,,,,,12:43.0,12:43.0,Fall,2019
244,5,t,00:00.0,,,,,12:43.0,12:43.0,Spring,2019
245,5,t,00:00.0,,,,,12:43.0,12:43.0,Fall,2019
246,5,t,00:00.0,,,,,12:43.0,12:43.0,Spring,2019
247,5,t,00:00.0,,,,,12:43.0,12:43.0,Fall,2019
248,5,t,00:00.0,,,,,12:43.0,12:43.0,Spring,2019
249,5,t,00:00.0,,,,,12:43.0,12:43.0,Fall,2019
250,5,t,00:00.0,,,,,12:43.0,12:43.0,Spring,2019
251,5,t,00:00.0,,,,,12:43.0,12:43.0,Fall,2019
252,5,t,00:00.0,,,,,12:43.0,12:43.0,Spring,2019
253,5,t,00:00.0,,,,,12:43.0,12:43.0,Fall,2019
254,5,t,00:00.0,,,,,12:43.0,12:43.0,Spring,2019
255,5,t,00:00.0,,,,,12:43.0,12:43.0,Fall,2019
256,5,t,00:00.0,,,,,12:43.0,12:43.0,Spring,2019
257,5,t,00:00.0,,,,,12:43.0,12:43.0,Fall,2019
258,5,t,00:00.0,,,,,12:43.0,12:43.0,Spring,2019
259,5,t,00:00.0,,,,,12:43.0,12:43.0,Fall,2019
260,5,t,00:00.0,,,,,12:43.0,12:43.0,Spring,2019
261,5,t,00:00.0,,,,,12:43.0,12:43.0,Fall,2019
262,5,t,00:00.0,,,,,12:43.0,12:43.0,Spring,2019
263,5,t,00:00.0,,,,,12:43.0,12:43.0,Fall,2019
264,5,t,00:00.0,,,,,12:43.0,12:43.0,Spring,2019
265,5,t,00:00.0,,,,,12:43.0,12:43.0,Fall,2019
266,5,t,00:00.0,,,,,12:43.0,12:43.0,Spring,2019
267,5,t,00:00.0,,,,,12:43.0,12:43.0,Fall,2019
268,5,t,00:00.0,,,,,12:43.0,12:43.0,Spring,2019
269,5,t,00:00.0,,,,,12:43.0,12:43.0,Fall,2019
270,5,t,00:00.0,,,,,12:43.0,12:43.0,Spring,2019
271,5,t,00:00.0,,,,,12:43.0,12:43.0,Fall,2019
272,5,t,00:00.0,,,,,12:43.0,12:43.0,Spring,2019
273,5,t,00:00.0,,,,,12:43.0,12:43.0,Fall,2019
274,5,t,00:00.0,,,,,12:43.0,12:43.0,Spring,2019
275,5,t,00:00.0,,,,,12:43.0,12:43.0,Fall,2019
276,5,t,00:00.0,,,,,12:43.0,12:43.0,Spring,2019
277,5,t,00:00.0,,,,,12:43.0,12:43.0,Fall,2019
278,5,t,00:00.0,,,,,12:43.0,12:43.0,Spring,2019
279,5,t,00:00.0,,,,,12:43.0,12:43.0,Fall,2019
280,5,t,00:00.0,,,,,12:43.0,12:43.0,Spring,2019
281,5,t,00:00.0,,,,,12:43.0,12:43.0,Fall,2019
282,5,t,00:00.0,,,,,12:43.0,12:43.0,Spring,2019
283,5,t,00:00.0,,,,,12:43.0,12:43.0,Fall,2019
284,5,t,00:00.0,,,,,12:43.0,12:43.0,Spring,2019
285,5,t,00:00.0,,,,,12:43.0,12:43.0,Fall,2019
286,5,t,00:00.0,,,,,12:43.0,12:43.0,Spring,2019
287,5,t,00:00.0,,,,,12:43.0,12:43.0,Fall,2019
288,5,t,00:00.0,,,,,12:43.0,12:43.0,Spring,2019
289,5,t,00:00.0,,,,,12:43.0,12:43.0,Fall,2019
290,5,t,00:00.0,,,,,12:43.0,12:43.0,Spring,2019
291,5,t,00:00.0,,,,,12:43.0,12:43.0,Fall,2019
292,5,t,00:00.0,,,,,12:43.0,12:43.0,Spring,2019
293,5,t,00:00.0,,,,,12:43.0,12:43.0,Fall,2019
294,5,t,00:00.0,,,,,12:43.0,12:43.0,Spring,2019
295,5,t,00:00.0,,,,,12:43.0,12:43.0,Fall,2019
296,5,t,00:00.0,,,,,12:43.0,12:43.0,Spring,2019
297,5,t,00:00.0,,,,,12:43.0,12:43.0,Fall,2019
298,5,t,00:00.0,,,,,12:43.0,12:43.0,Spring,2019
299,5,t,00:00.0,,,,,12:43.0,12:43.0,Fall,2019
300,6,t,00:00.0,,,,,12:43.0,12:43.0,Spring,2019
301,6,t,00:00.0,,,,,12:43.0,12:43.0,Fall,2019
302,6,t,00:00.0,,,,,12:43.0,12:43.0,Spring,2019
303,6,t,00:00.0,,,,,12:43.0,12:43.0,Fall,2019
304,6,t,00:00.0,,,,,12:43.0,12:43.0,Spring,2019
305,6,t,00:00.0,,,,,12:43.0,12:43.0,Fall,2019
306,6,t,00:00.0,,,,,12:43.0,12:43.0,Spring,2019
307,6,t,00:00.0,,,,,12:43.0,12:43.0,Fall,2019
308,6,t,00:00.0,,,,,12:43.0,12:43.0,Spring,2019
309,6,t,00:00.0,,,,,12:43.0,12:43.0,Fall,2019
310,6,t,00:00.0,,,,,12:43.0,12:43.0,Spring,2019
311,6,t,00:00.0,,,,,12:43.0,12:43.0,Fall,2019
312,6,t,00:00.0,,,,,12:43.0,12:43.0,Spring,2019
313,6,t,00:00.0,,,,,12:43.0,12:43.0,Fall,2019
314,6,t,00:00.0,,,,,12:43.0,12:43.0,Spring,2019
315,6,t,00:00.0,,,,,12:43.0,12:43.0,Fall,2019
316,6,t,00:00.0,,,,,12:43.0,12:43.0,Spring,2019
317,6,t,00:00.0,,,,,12:43.0,12:43.0,Fall,2019
318,6,t,00:00.0,,,,,12:43.0,12:43.0,Spring,2019
319,6,t,00:00.0,,,,,12:43.0,12:43.0,Fall,2019
320,6,t,00:00.0,,,,,12:43.0,12:43.0,Spring,2019
321,6,t,00:00.0,,,,,12:43.0,12:43.0,Fall,2019
322,6,t,00:00.0,,,,,12:43.0,12:43.0,Spring,2019
323,6,t,00:00.0,,,,,12:43.0,12:43.0,Fall,2019
324,6,t,00:00.0,,,,,12:43.0,12:43.0,Spring,2019
325,6,t,00:00.0,,,,,12:43.0,12:43.0,Fall,2019
326,6,t,00:00.0,,,,,12:43.0,12:43.0,Spring,2019
327,6,t,00:00.0,,,,,12:43.0,12:43.0,Fall,2019
328,6,t,00:00.0,,,,,12:43.0,12:43.0,Spring,2019
329,6,t,00:00.0,,,,,12:43.0,12:43.0,Fall,2019
330,6,t,00:00.0,,,,,12:43.0,12:43.0,Spring,2019
331,6,t,00:00.0,,,,,12:43.0,12:43.0,Fall,2019
332,6,t,00:00.0,,,,,12:43.0,12:43.0,Spring,2019
333,6,t,00:00.0,,,,,12:43.0,12:43.0,Fall,2019
334,6,t,00:00.0,,,,,12:43.0,12:43.0,Spring,2019
335,6,t,00:00.0,,,,,12:43.0,12:43.0,Fall,2019
336,6,t,00:00.0,,,,,12:43.0,12:43.0,Spring,2019
337,6,t,00:00.0,,,,,12:43.0,12:43.0,Fall,2019
338,6,t,00:00.0,,,,,12:43.0,12:43.0,Spring,2019
339,6,t,00:00.0,,,,,12:43.0,12:43.0,Fall,2019
340,6,t,00:00.0,,,,,12:43.0,12:43.0,Spring,2019
341,6,t,00:00.0,,,,,12:43.0,12:43.0,Fall,2019
342,6,t,00:00.0,,,,,12:43.0,12:43.0,Spring,2019
343,6,t,00:00.0,,,,,12:43.0,12:43.0,Fall,2019
344,6,t,00:00.0,,,,,12:43.0,12:43.0,Spring,2019
345,6,t,00:00.0,,,,,12:43.0,12:43.0,Fall,2019
346,6,t,00:00.0,,,,,12:43.0,12:43.0,Spring,2019
347,6,t,00:00.0,,,,,12:43.0,12:43.0,Fall,2019
348,6,t,00:00.0,,,,,12:43.0,12:43.0,Spring,2019
349,6,t,00:00.0,,,,,12:43.0,12:43.0,Fall,2019
350,6,t,00:00.0,,,,,12:43.0,12:43.0,Spring,2019
351,6,t,00:00.0,,,,,12:43.0,12:43.0,Fall,2019
352,6,t,00:00.0,,,,,12:43.0,12:43.0,Spring,2019
353,6,t,00:00.0,,,,,12:43.0,12:43.0,Fall,2019
354,6,t,00:00.0,,,,,12:43.0,12:43.0,Spring,2019
355,6,t,00:00.0,,,,,12:43.0,12:43.0,Fall,2019
356,6,t,00:00.0,,,,,12:43.0,12:43.0,Spring,2019
357,6,t,00:00.0,,,,,12:43.0,12:43.0,Fall,2019
358,6,t,00:00.0,,,,,12:43.0,12:43.0,Spring,2019
359,6,t,00:00.0,,,,,12:43.0,12:43.0,Fall,2019
360,6,t,00:00.0,,,,,12:43.0,12:43.0,Spring,2019
361,6,t,00:00.0,,,,,12:43.0,12:43.0,Fall,2019
362,6,t,00:00.0,,,,,12:43.0,12:43.0,Spring,2019
363,6,t,00:00.0,,,,,12:43.0,12:43.0,Fall,2019
364,6,t,00:00.0,,,,,12:43.0,12:43.0,Spring,2019
365,6,t,00:00.0,,,,,12:43.0,12:43.0,Fall,2019
366,6,t,00:00.0,,,,,12:43.0,12:43.0,Spring,2019
367,6,t,00:00.0,,,,,12:43.0,12:43.0,Fall,2019
368,6,t,00:00.0,,,,,12:43.0,12:43.0,Spring,2019
369,6,t,00:00.0,,,,,12:43.0,12:43.0,Fall,2019
370,6,t,00:00.0,,,,,12:43.0,12:43.0,Spring,2019
371,6,t,00:00.0,,,,,12:43.0,12:43.0,Fall,2019
372,6,t,00:00.0,,,,,12:43.0,12:43.0,Spring,2019
373,6,t,00:00.0,,,,,12:43.0,12:43.0,Fall,2019
374,6,t,00:00.0,,,,,12:43.0,12:43.0,Spring,2019
375,6,t,00:00.0,,,,,12:43.0,12:43.0,Fall,2019
376,6,t,00:00.0,,,,,12:43.0,12:43.0,Spring,2019
377,6,t,00:00.0,,,,,12:43.0,12:43.0,Fall,2019
378,6,t,00:00.0,,,,,12:43.0,12:43.0,Spring,2019
379,6,t,00:00.0,,,,,12:43.0,12:43.0,Fall,2019
380,6,t,00:00.0,,,,,12:43.0,12:43.0,Spring,2019
381,6,t,00:00.0,,,,,12:43.0,12:43.0,Fall,2019
382,6,t,00:00.0,,,,,12:43.0,12:43.0,Spring,2019
383,6,t,00:00.0,,,,,12:43.0,12:43.0,Fall,2019
384,6,t,00:00.0,,,,,12:43.0,12:43.0,Spring,2019
385,6,t,00:00.0,,,,,12:43.0,12:43.0,Fall,2019
386,6,t,00:00.0,,,,,12:43.0,12:43.0,Spring,2019
387,6,t,00:00.0,,,,,12:43.0,12:43.0,Fall,2019
388,6,t,00:00.0,,,,,12:43.0,12:43.0,Spring,2019
389,6,t,00:00.0,,,,,12:43.0,12:43.0,Fall,2019
390,6,t,00:00.0,,,,,12:43.0,12:43.0,Spring,2019
391,6,t,00:00.0,,,,,12:43.0,12:43.0,Fall,2019
392,6,t,00:00.0,,,,,12:43.0,12:43.0,Spring,2019
393,6,t,00:00.0,,,,,12:43.0,12:43.0,Fall,2019
394,6,t,00:00.0,,,,,12:43.0,12:43.0,Spring,2019
395,6,t,00:00.0,,,,,12:43.0,12:43.0,Fall,2019
396,6,t,00:00.0,,,,,12:43.0,12:43.0,Spring,2019
397,6,t,00:00.0,,,,,12:43.0,12:43.0,Fall,2019
398,6,t,00:00.0,,,,,12:43.0,12:43.0,Spring,2019
399,6,t,00:00.0,,,,,12:43.0,12:43.0,Fall,2019
400,6,t,00:00.0,,,,,12:43.0,12:43.0,Spring,2019
401,6,t,00:00.0,,,,,12:43.0,12:43.0,Fall,2019
402,6,t,00:00.0,,,,,12:43.0,12:43.0,Spring,2019
403,6,t,00:00.0,,,,,12:43.0,12:43.0,Fall,2019
404,6,t,00:00.0,,,,,12:43.0,12:43.0,Spring,2019
405,6,t,00:00.0,,,,,12:43.0,12:43.0,Fall,2019
406,6,t,00:00.0,,,,,12:43.0,12:43.0,Spring,2019
407,6,t,00:00.0,,,,,12:43.0,12:43.0,Fall,2019
408,6,t,00:00.0,,,,,12:43.0,12:43.0,Spring,2019
409,6,t,00:00.0,,,,,12:43.0,12:43.0,Fall,2019
410,6,t,00:00.0,,,,,12:43.0,12:43.0,Spring,2019
411,6,t,00:00.0,,,,,12:43.0,12:43.0,Fall,2019
412,6,t,00:00.0,,,,,12:43.0,12:43.0,Spring,2019
413,6,t,00:00.0,,,,,12:43.0,12:43.0,Fall,2019
414,6,t,00:00.0,,,,,12:43.0,12:43.0,Spring,2019
415,6,t,00:00.0,,,,,12:43.0,12:43.0,Fall,2019
416,6,t,00:00.0,,,,,12:43.0,12:43.0,Spring,2019
417,6,t,00:00.0,,,,,12:43.0,12:43.0,Fall,2019
418,6,t,00:00.0,,,,,12:43.0,12:43.0,Spring,2019
419,6,t,00:00.0,,,,,12:43.0,12:43.0,Fall,2019
420,6,t,00:00.0,,,,,12:43.0,12:43.0,Spring,2019
421,6,t,00:00.0,,,,,12:43.0,12:43.0,Fall,2019
422,6,t,00:00.0,,,,,12:43.0,12:43.0,Spring,2019
423,6,t,00:00.0,,,,,12:43.0,12:43.0,Fall,2019
424,6,t,00:00.0,,,,,12:43.0,12:43.0,Spring,2019
425,6,t,00:00.0,,,,,12:43.0,12:43.0,Fall,2019
426,6,t,00:00.0,,,,,12:43.0,12:43.0,Spring,2019
427,6,t,00:00.0,,,,,12:43.0,12:43.0,Fall,2019
428,6,t,00:00.0,,,,,12:43.0,12:43.0,Spring,2019
429,6,t,00:00.0,,,,,12:43.0,12:43.0,Fall,2019
430,6,t,00:00.0,,,,,12:43.0,12:43.0,Spring,2019
431,6,t,00:00.0,,,,,12:43.0,12:43.0,Fall,2019
432,6,t,00:00.0,,,,,12:43.0,12:43.0,Spring,2019
433,6,t,00:00.0,,,,,12:43.0,12:43.0,Fall,2019
434,6,t,00:00.0,,,,,12:43.0,12:43.0,Spring,2019
435,6,t,00:00.0,,,,,12:43.0,12:43.0,Fall,2019
436,6,t,00:00.0,,,,,12:43.0,12:43.0,Spring,2019
437,6,t,00:00.0,,,,,12:43.0,12:43.0,Fall,2019
438,6,t,00:00.0,,,,,12:43.0,12:43.0,Spring,2019
439,6,t,00:00.0,,,,,12:43.0,12:43.0,Fall,2019
440,6,t,00:00.0,,,,,12:43.0,12:43.0,Spring,2019
441,6,t,00:00.0,,,,,12:43.0,12:43.0,Fall,2019
442,6,t,00:00.0,,,,,12:43.0,12:43.0,Spring,2019
443,6,t,00:00.0,,,,,12:43.0,12:43.0,Fall,2019
444,6,t,00:00.0,,,,,12:43.0,12:43.0,Spring,2019
445,6,t,00:00.0,,,,,12:43.0,12:43.0,Fall,2019
446,6,t,00:00.0,,,,,12:43.0,12:43.0,Spring,2019
447,6,t,00:00.0,,,,,12:43.0,12:43.0,Fall,2019
448,6,t,00:00.0,,,,,12:43.0,12:43.0,Spring,2019
449,6,t,00:00.0,,,,,12:43.0,12:43.0,Fall,2019
450,6,t,00:00.0,,,,,12:43.0,12:43.0,Spring,2019
451,6,t,00:00.0,,,,,12:43.0,12:43.0,Fall,2019
452,6,t,00:00.0,,,,,12:43.0,12:43.0,Spring,2019
453,6,t,00:00.0,,,,,12:43.0,12:43.0,Fall,2019
454,6,t,00:00.0,,,,,12:43.0,12:43.0,Spring,2019
455,6,t,00:00.0,,,,,12:43.0,12:43.0,Fall,2019
456,6,t,00:00.0,,,,,12:43.0,12:43.0,Spring,2019
457,6,t,00:00.0,,,,,12:43.0,12:43.0,Fall,2019
458,6,t,00:00.0,,,,,12:43.0,12:43.0,Spring,2019
459,6,t,00:00.0,,,,,12:43.0,12:43.0,Fall,2019
460,6,t,00:00.0,,,,,12:43.0,12:43.0,Spring,2019
461,6,t,00:00.0,,,,,12:43.0,12:43.0,Fall,2019
462,6,t,00:00.0,,,,,12:43.0,12:43.0,Spring,2019
463,6,t,00:00.0,,,,,12:43.0,12:43.0,Fall,2019
464,6,t,00:00.0,,,,,12:43.0,12:43.0,Spring,2019
465,6,t,00:00.0,,,,,12:43.0,12:43.0,Fall,2019
466,6,t,00:00.0,,,,,12:43.0,12:43.0,Spring,2019
467,6,t,00:00.0,,,,,12:43.0,12:43.0,Fall,2019
468,6,t,00:00.0,,,,,12:43.0,12:43.0,Spring,2019
469,6,t,00:00.0,,,,,12:43.0,12:43.0,Fall,2019
470,6,t,00:00.0,,,,,12:43.0,12:43.0,Spring,2019
471,6,t,00:00.0,,,,,12:43.0,12:43.0,Fall,2019
472,6,t,00:00.0,,,,,12:43.0,12:43.0,Spring,2019
473,6,t,00:00.0,,,,,12:43.0,12:43.0,Fall,2019
474,6,t,00:00.0,,,,,12:43.0,12:43.0,Spring,2019
475,6,t,00:00.0,,,,,12:43.0,12:43.0,Fall,2019
476,6,t,00:00.0,,,,,12:43.0,12:43.0,Spring,2019
477,6,t,00:00.0,,,,,12:43.0,12:43.0,Fall,2019
478,6,t,00:00.0,,,,,12:43.0,12:43.0,Spring,2019
479,6,t,00:00.0,,,,,12:43.0,12:43.0,Fall,2019
480,6,t,00:00.0,,,,,12:43.0,12:43.0,Spring,2019
481,6,t,00:00.0,,,,,12:43.0,12:43.0,Fall,2019
482,6,t,00:00.0,,,,,12:43.0,12:43.0,Spring,2019
483,6,t,00:00.0,,,,,12:43.0,12:43.0,Fall,2019
484,6,t,00:00.0,,,,,12:43.0,12:43.0,Spring,2019
485,6,t,00:00.0,,,,,12:43.0,12:43.0,Fall,2019
486,6,t,00:00.0,,,,,12:43.0,12:43.0,Spring,2019
487,6,t,00:00.0,,,,,12:43.0,12:43.0,Fall,2019
488,6,t,00:00.0,,,,,12:43.0,12:43.0,Spring,2019
489,6,t,00:00.0,,,,,12:43.0,12:43.0,Fall,2019
490,6,t,00:00.0,,,,,12:43.0,12:43.0,Spring,2019
491,6,t,00:00.0,,,,,12:43.0,12:43.0,Fall,2019
492,6,t,00:00.0,,,,,12:43.0,12:43.0,Spring,2019
493,6,t,00:00.0,,,,,12:43.0,12:43.0,Fall,2019
494,6,t,00:00.0,,,,,12:43.0,12:43.0,Spring,2019
495,6,t,00:00.0,,,,,12:43.0,12:43.0,Fall,2019
496,6,t,00:00.0,,,,,12:43.0,12:43.0,Spring,2019
497,6,t,00:00.0,,,,,12:43.0,12:43.0,Fall,2019
498,6,t,00:00.0,,,,,12:43.0,12:43.0,Spring,2019
499,6,t,00:00.0,,,,,12:43.0,12:43.0,Fall,2019
500,6,t,00:00.0,,,,,12:43.0,12:43.0,Spring,2019
501,6,t,00:00.0,,,,,12:43.0,12:43.0,Fall,2019
502,6,t,00:00.0,,,,,12:43.0,12:43.0,Spring,2019
503,6,t,00:00.0,,,,,12:43.0,12:43.0,Fall,2019
504,6,t,00:00.0,,,,,12:43.0,12:43.0,Spring,2019
505,6,t,00:00.0,,,,,12:43.0,12:43.0,Fall,2019
506,6,t,00:00.0,,,,,12:43.0,12:43.0,Spring,2019
507,6,t,00:00.0,,,,,12:43.0,12:43.0,Fall,2019
508,6,t,00:00.0,,,,,12:43.0,12:43.0,Spring,2019
509,6,t,00:00.0,,,,,12:43.0,12:43.0,Fall,2019
510,6,t,00:00.0,,,,,12:43.0,12:43.0,Spring,2019
511,6,t,00:00.0,,,,,12:43.0,12:43.0,Fall,2019
512,6,t,00:00.0,,,,,12:43.0,12:43.0,Spring,2019
513,6,t,00:00.0,,,,,12:43.0,12:43.0,Fall,2019
514,6,t,00:00.0,,,,,12:43.0,12:43.0,Spring,2019
515,6,t,00:00.0,,,,,12:43.0,12:43.0,Fall,2019
516,6,t,00:00.0,,,,,12:43.0,12:43.0,Spring,2019
517,6,t,00:00.0,,,,,12:43.0,12:43.0,Fall,2019
518,6,t,00:00.0,,,,,12:43.0,12:43.0,Spring,2019
519,6,t,00:00.0,,,,,12:43.0,12:43.0,Fall,2019
520,6,t,00:00.0,,,,,12:43.0,12:43.0,Spring,2019
521,6,t,00:00.0,,,,,12:43.0,12:43.0,Fall,2019
522,6,t,00:00.0,,,,,12:43.0,12:43.0,Spring,2019
523,6,t,00:00.0,,,,,12:43.0,12:43.0,Fall,2019
524,6,t,00:00.0,,,,,12:43.0,12:43.0,Spring,2019
525,6,t,00:00.0,,,,,12:43.0,12:43.0,Fall,2019
526,6,t,00:00.0,,,,,12:43.0,12:43.0,Spring,2019
527,6,t,00:00.0,,,,,12:43.0,12:43.0,Fall,2019
528,6,t,00:00.0,,,,,12:43.0,12:43.0,Spring,2019
529,6,t,00:00.0,,,,,12:43.0,12:43.0,Fall,2019
530,6,t,00:00.0,,,,,12:43.0,12:43.0,Spring,2019
531,6,t,00:00.0,,,,,12:43.0,12:43.0,Fall,2019
532,6,t,00:00.0,,,,,12:43.0,12:43.0,Spring,2019
533,6,t,00:00.0,,,,,12:43.0,12:43.0,Fall,2019
534,6,t,00:00.0,,,,,12:43.0,12:43.0,Spring,2019
535,6,t,00:00.0,,,,,12:43.0,12:43.0,Fall,2019
536,6,t,00:00.0,,,,,12:43.0,12:43.0,Spring,2019
537,6,t,00:00.0,,,,,12:43.0,12:43.0,Fall,2019
538,6,t,00:00.0,,,,,12:43.0,12:43.0,Spring,2019
539,6,t,00:00.0,,,,,12:43.0,12:43.0,Fall,2019
540,6,t,00:00.0,,,,,12:43.0,12:43.0,Spring,2019
541,6,t,00:00.0,,,,,12:43.0,12:43.0,Fall,2019
542,6,t,00:00.0,,,,,12:43.0,12:43.0,Spring,2019
543,6,t,00:00.0,,,,,12:43.0,12:43.0,Fall,2019
544,6,t,00:00.0,,,,,12:43.0,12:43.0,Spring,2019
545,6,t,00:00.0,,,,,12:43.0,12:43.0,Fall,2019
546,6,t,00:00.0,,,,,12:43.0,12:43.0,Spring,2019
547,6,t,00:00.0,,,,,12:43.0,12:43.0,Fall,2019
548,6,t,00:00.0,,,,,12:43.0,12:43.0,Spring,2019
549,6,t,00:00.0,,,,,12:43.0,12:43.0,Fall,2019
550,6,t,00:00.0,,,,,12:43.0,12:43.0,Spring,2019
551,6,t,00:00.0,,,,,12:43.0,12:43.0,Fall,2019
552,6,t,00:00.0,,,,,12:43.0,12:43.0,Spring,2019
553,6,t,00:00.0,,,,,12:43.0,12:43.0,Fall,2019
554,6,t,00:00.0,,,,,12:43.0,12:43.0,Spring,2019
555,6,t,00:00.0,,,,,12:43.0,12:43.0,Fall,2019
556,6,t,00:00.0,,,,,12:43.0,12:43.0,Spring,2019
557,6,t,00:00.0,,,,,12:43.0,12:43.0,Fall,2019
558,6,t,00:00.0,,,,,12:43.0,12:43.0,Spring,2019
559,6,t,00:00.0,,,,,12:43.0,12:43.0,Fall,2019
560,6,t,00:00.0,,,,,12:43.0,12:43.0,Spring,2019
561,6,t,00:00.0,,,,,12:43.0,12:43.0,Fall,2019
562,6,t,00:00.0,,,,,12:43.0,12:43.0,Spring,2019
563,6,t,00:00.0,,,,,12:43.0,12:43.0,Fall,2019
564,6,t,00:00.0,,,,,12:43.0,12:43.0,Spring,2019
565,6,t,00:00.0,,,,,12:43.0,12:43.0,Fall,2019
566,6,t,00:00.0,,,,,12:43.0,12:43.0,Spring,2019
567,6,t,00:00.0,,,,,12:43.0,12:43.0,Fall,2019
568,6,t,00:00.0,,,,,12:43.0,12:43.0,Spring,2019
569,6,t,00:00.0,,,,,12:43.0,12:43.0,Fall,2019
570,6,t,00:00.0,,,,,12:43.0,12:43.0,Spring,2019
571,6,t,00:00.0,,,,,12:43.0,12:43.0,Fall,2019
572,6,t,00:00.0,,,,,12:43.0,12:43.0,Spring,2019
573,6,t,00:00.0,,,,,12:43.0,12:43.0,Fall,2019
574,6,t,00:00.0,,,,,12:43.0,12:43.0,Spring,2019
575,6,t,00:00.0,,,,,12:43.0,12:43.0,Fall,2019
576,6,t,00:00.0,,,,,12:43.0,12:43.0,Spring,2019
577,6,t,00:00.0,,,,,12:43.0,12:43.0,Fall,2019
578,6,t,00:00.0,,,,,12:43.0,12:43.0,Spring,2019
579,6,t,00:00.0,,,,,12:43.0,12:43.0,Fall,2019
580,6,t,00:00.0,,,,,12:43.0,12:43.0,Spring,2019
581,6,t,00:00.0,,,,,12:43.0,12:43.0,Fall,2019
582,6,t,00:00.0,,,,,12:43.0,12:43.0,Spring,2019
583,6,t,00:00.0,,,,,12:43.0,12:43.0,Fall,2019
584,6,t,00:00.0,,,,,12:43.0,12:43.0,Spring,2019
585,6,t,00:00.0,,,,,12:43.0,12:43.0,Fall,2019
586,6,t,00:00.0,,,,,12:43.0,12:43.0,Spring,2019
587,6,t,00:00.0,,,,,12:43.0,12:43.0,Fall,2019
588,6,t,00:00.0,,,,,12:43.0,12:43.0,Spring,2019
589,6,t,00:00.0,,,,,12:43.0,12:43.0,Fall,2019
590,6,t,00:00.0,,,,,12:43.0,12:43.0,Spring,2019
591,6,t,00:00.0,,,,,12:43.0,12:43.0,Fall,2019
592,6,t,00:00.0,,,,,12:43.0,12:43.0,Spring,2019
593,6,t,00:00.0,,,,,12:43.0,12:43.0,Fall,2019
594,6,t,00:00.0,,,,,12:43.0,12:43.0,Spring,2019
595,6,t,00:00.0,,,,,12:43.0,12:43.0,Fall,2019
596,6,t,00:00.0,,,,,12:43.0,12:43.0,Spring,2019
597,6,t,00:00.0,,,,,12:43.0,12:43.0,Fall,2019
598,6,t,00:00.0,,,,,12:43.0,12:43.0,Spring,2019
599,6,t,00:00.0,,,,,12:43.0,12:43.0,Fall,2019
600,6,t,00:00.0,,,,,12:43.0,12:43.0,Spring,2019
601,7,t,00:00.0,,,,,12:43.0,12:43.0,Fall,2019
602,7,t,00:00.0,,,,,12:43.0,12:43.0,Spring,2019
603,7,t,00:00.0,,,,,12:43.0,12:43.0,Fall,2019
604,7,t,00:00.0,,,,,12:43.0,12:43.0,Spring,2019
605,7,t,00:00.0,,,,,12:43.0,12:43.0,Fall,2019
606,7,t,00:00.0,,,,,12:43.0,12:43.0,Spring,2020
607,7,t,00:00.0,,,,,12:43.0,12:43.0,Fall,2020
608,7,t,00:00.0,,,,,12:43.0,12:43.0,Spring,2020
609,7,t,00:00.0,,,,,12:43.0,12:43.0,Fall,2020
610,7,t,00:00.0,,,,,12:43.0,12:43.0,Spring,2020
611,7,t,00:00.0,,,,,12:43.0,12:43.0,Fall,2020
612,7,t,00:00.0,,,,,12:43.0,12:43.0,Spring,2020
613,7,t,00:00.0,,,,,12:43.0,12:43.0,Fall,2020
614,7,t,00:00.0,,,,,12:43.0,12:43.0,Spring,2020
615,7,t,00:00.0,,,,,12:43.0,12:43.0,Fall,2020
616,7,t,00:00.0,,,,,12:43.0,12:43.0,Spring,2020
617,7,t,00:00.0,,,,,12:43.0,12:43.0,Fall,2020
618,7,t,00:00.0,,,,,12:43.0,12:43.0,Spring,2020
619,7,t,00:00.0,,,,,12:43.0,12:43.0,Fall,2020
620,7,t,00:00.0,,,,,12:43.0,12:43.0,Spring,2020
621,7,t,00:00.0,,,,,12:43.0,12:43.0,Fall,2020
622,7,t,00:00.0,,,,,12:43.0,12:43.0,Spring,2020
623,7,t,00:00.0,,,,,12:43.0,12:43.0,Fall,2020
624,7,t,00:00.0,,,,,12:43.0,12:43.0,Spring,2020
625,7,t,00:00.0,,,,,12:43.0,12:43.0,Fall,2020
626,7,t,00:00.0,,,,,12:43.0,12:43.0,Spring,2020
627,7,t,00:00.0,,,,,12:43.0,12:43.0,Fall,2020
628,7,t,00:00.0,,,,,12:43.0,12:43.0,Spring,2020
629,7,t,00:00.0,,,,,12:43.0,12:43.0,Fall,2020
630,7,t,00:00.0,,,,,12:43.0,12:43.0,Spring,2020
631,7,t,00:00.0,,,,,12:43.0,12:43.0,Fall,2020
632,7,t,00:00.0,,,,,12:43.0,12:43.0,Spring,2020
633,7,t,00:00.0,,,,,12:43.0,12:43.0,Fall,2020
634,7,t,00:00.0,,,,,12:43.0,12:43.0,Spring,2020
635,7,t,00:00.0,,,,,12:43.0,12:43.0,Fall,2020
636,7,t,00:00.0,,,,,12:43.0,12:43.0,Spring,2020
637,7,t,00:00.0,,,,,12:43.0,12:43.0,Fall,2020
638,7,t,00:00.0,,,,,12:43.0,12:43.0,Spring,2020
639,7,t,00:00.0,,,,,12:43.0,12:43.0,Fall,2020
640,7,t,00:00.0,,,,,12:43.0,12:43.0,Spring,2020
641,7,t,00:00.0,,,,,12:43.0,12:43.0,Fall,2020
642,7,t,00:00.0,,,,,12:43.0,12:43.0,Spring,2020
643,7,t,00:00.0,,,,,12:43.0,12:43.0,Fall,2020
644,7,t,00:00.0,,,,,12:43.0,12:43.0,Spring,2020
645,7,t,00:00.0,,,,,12:43.0,12:43.0,Fall,2020
646,7,t,00:00.0,,,,,12:43.0,12:43.0,Spring,2020
647,7,t,00:00.0,,,,,12:43.0,12:43.0,Fall,2020
648,7,t,00:00.0,,,,,12:43.0,12:43.0,Spring,2020
649,7,t,00:00.0,,,,,12:43.0,12:43.0,Fall,2020
650,7,t,00:00.0,,,,,12:43.0,12:43.0,Spring,2020
651,7,t,00:00.0,,,,,12:43.0,12:43.0,Fall,2020
652,7,t,00:00.0,,,,,12:43.0,12:43.0,Spring,2020
653,7,t,00:00.0,,,,,12:43.0,12:43.0,Fall,2020
654,7,t,00:00.0,,,,,12:43.0,12:43.0,Spring,2020
655,7,t,00:00.0,,,,,12:43.0,12:43.0,Fall,2020
656,7,t,00:00.0,,,,,12:43.0,12:43.0,Spring,2020
657,7,t,00:00.0,,,,,12:43.0,12:43.0,Fall,2020
658,7,t,00:00.0,,,,,12:43.0,12:43.0,Spring,2020
659,7,t,00:00.0,,,,,12:43.0,12:43.0,Fall,2020
660,7,t,00:00.0,,,,,12:43.0,12:43.0,Spring,2020
661,7,t,00:00.0,,,,,12:43.0,12:43.0,Fall,2020
662,7,t,00:00.0,,,,,12:43.0,12:43.0,Spring,2020
663,7,t,00:00.0,,,,,12:43.0,12:43.0,Fall,2020
664,7,t,00:00.0,,,,,12:43.0,12:43.0,Spring,2020
665,7,t,00:00.0,,,,,12:43.0,12:43.0,Fall,2020
666,7,t,00:00.0,,,,,12:43.0,12:43.0,Spring,2020
667,7,t,00:00.0,,,,,12:43.0,12:43.0,Fall,2020
668,7,t,00:00.0,,,,,12:43.0,12:43.0,Spring,2020
669,7,t,00:00.0,,,,,12:43.0,12:43.0,Fall,2020
670,7,t,00:00.0,,,,,12:43.0,12:43.0,Spring,2020
671,7,t,00:00.0,,,,,12:43.0,12:43.0,Fall,2020
672,7,t,00:00.0,,,,,12:43.0,12:43.0,Spring,2020
673,7,t,00:00.0,,,,,12:43.0,12:43.0,Fall,2020
674,7,t,00:00.0,,,,,12:43.0,12:43.0,Spring,2020
675,7,t,00:00.0,,,,,12:43.0,12:43.0,Fall,2020
676,7,t,00:00.0,,,,,12:43.0,12:43.0,Spring,2020
677,7,t,00:00.0,,,,,12:43.0,12:43.0,Fall,2020
678,7,t,00:00.0,,,,,12:43.0,12:43.0,Spring,2020
679,7,t,00:00.0,,,,,12:43.0,12:43.0,Fall,2020
680,7,t,00:00.0,,,,,12:43.0,12:43.0,Spring,2020
681,7,t,00:00.0,,,,,12:43.0,12:43.0,Fall,2020
682,7,t,00:00.0,,,,,12:43.0,12:43.0,Spring,2020
683,7,t,00:00.0,,,,,12:43.0,12:43.0,Fall,2020
684,7,t,00:00.0,,,,,12:43.0,12:43.0,Spring,2020
685,7,t,00:00.0,,,,,12:43.0,12:43.0,Fall,2020
686,7,t,00:00.0,,,,,12:43.0,12:43.0,Spring,2020
687,7,t,00:00.0,,,,,12:43.0,12:43.0,Fall,2020
688,7,t,00:00.0,,,,,12:43.0,12:43.0,Spring,2020
689,7,t,00:00.0,,,,,12:43.0,12:43.0,Fall,2020
690,7,t,00:00.0,,,,,12:43.0,12:43.0,Spring,2020
691,7,t,00:00.0,,,,,12:43.0,12:43.0,Fall,2020
692,7,t,00:00.0,,,,,12:43.0,12:43.0,Spring,2020
693,7,t,00:00.0,,,,,12:43.0,12:43.0,Fall,2020
694,7,t,00:00.0,,,,,12:43.0,12:43.0,Spring,2020
695,7,t,00:00.0,,,,,12:43.0,12:43.0,Fall,2020
696,7,t,00:00.0,,,,,12:43.0,12:43.0,Spring,2020
697,7,t,00:00.0,,,,,12:43.0,12:43.0,Fall,2020
698,7,t,00:00.0,,,,,12:43.0,12:43.0,Spring,2020
699,7,t,00:00.0,,,,,12:43.0,12:43.0,Fall,2020
700,7,t,00:00.0,,,,,12:43.0,12:43.0,Spring,2020
701,7,t,00:00.0,,,,,12:43.0,12:43.0,Fall,2020
702,7,t,00:00.0,,,,,12:43.0,12:43.0,Spring,2020
703,7,t,00:00.0,,,,,12:43.0,12:43.0,Fall,2020
704,7,t,00:00.0,,,,,12:43.0,12:43.0,Spring,2020
705,7,t,00:00.0,,,,,12:43.0,12:43.0,Fall,2020
706,7,t,00:00.0,,,,,12:43.0,12:43.0,Spring,2020
707,7,t,00:00.0,,,,,12:43.0,12:43.0,Fall,2020
708,7,t,00:00.0,,,,,12:43.0,12:43.0,Spring,2020
709,7,t,00:00.0,,,,,12:43.0,12:43.0,Fall,2020
710,7,t,00:00.0,,,,,12:43.0,12:43.0,Spring,2020
711,7,t,00:00.0,,,,,12:43.0,12:43.0,Fall,2020
712,7,t,00:00.0,,,,,12:43.0,12:43.0,Spring,2020
713,7,t,00:00.0,,,,,12:43.0,12:43.0,Fall,2020
714,7,t,00:00.0,,,,,12:43.0,12:43.0,Spring,2020
715,7,t,00:00.0,,,,,12:43.0,12:43.0,Fall,2020
716,7,t,00:00.0,,,,,12:43.0,12:43.0,Spring,2020
717,7,t,00:00.0,,,,,12:43.0,12:43.0,Fall,2020
718,7,t,00:00.0,,,,,12:43.0,12:43.0,Spring,2020
719,7,t,00:00.0,,,,,12:43.0,12:43.0,Fall,2020
720,7,t,00:00.0,,,,,12:43.0,12:43.0,Spring,2020
721,7,t,00:00.0,,,,,12:43.0,12:43.0,Fall,2020
722,7,t,00:00.0,,,,,12:43.0,12:43.0,Spring,2020
723,7,t,00:00.0,,,,,12:43.0,12:43.0,Fall,2020
724,7,t,00:00.0,,,,,12:43.0,12:43.0,Spring,2020
725,7,t,00:00.0,,,,,12:43.0,12:43.0,Fall,2020
726,7,t,00:00.0,,,,,12:43.0,12:43.0,Spring,2020
727,7,t,00:00.0,,,,,12:43.0,12:43.0,Fall,2020
728,7,t,00:00.0,,,,,12:43.0,12:43.0,Spring,2020
729,7,t,00:00.0,,,,,12:43.0,12:43.0,Fall,2020
730,7,t,00:00.0,,,,,12:43.0,12:43.0,Spring,2020
731,7,t,00:00.0,,,,,12:43.0,12:43.0,Fall,2020
732,7,t,00:00.0,,,,,12:43.0,12:43.0,Spring,2020
733,7,t,00:00.0,,,,,12:43.0,12:43.0,Fall,2020
734,7,t,00:00.0,,,,,12:43.0,12:43.0,Spring,2020
735,7,t,00:00.0,,,,,12:43.0,12:43.0,Fall,2020
736,7,t,00:00.0,,,,,12:43.0,12:43.0,Spring,2020
737,7,t,00:00.0,,,,,12:43.0,12:43.0,Fall,2020
738,7,t,00:00.0,,,,,12:43.0,12:43.0,Spring,2020
739,7,t,00:00.0,,,,,12:43.0,12:43.0,Fall,2020
740,7,t,00:00.0,,,,,12:43.0,12:43.0,Spring,2020
741,7,t,00:00.0,,,,,12:43.0,12:43.0,Fall,2020
742,7,t,00:00.0,,,,,12:43.0,12:43.0,Spring,2020
743,7,t,00:00.0,,,,,12:43.0,12:43.0,Fall,2020
744,7,t,00:00.0,,,,,12:43.0,12:43.0,Spring,2020
745,7,t,00:00.0,,,,,12:43.0,12:43.0,Fall,2020
746,7,t,00:00.0,,,,,12:43.0,12:43.0,Spring,2020
747,7,t,00:00.0,,,,,12:43.0,12:43.0,Fall,2020
748,7,t,00:00.0,,,,,12:43.0,12:43.0,Spring,2020
749,7,t,00:00.0,,,,,12:43.0,12:43.0,Fall,2020
750,7,t,00:00.0,,,,,12:43.0,12:43.0,Spring,2020
751,7,t,00:00.0,,,,,12:43.0,12:43.0,Fall,2020
752,7,t,00:00.0,,,,,12:43.0,12:43.0,Spring,2020
753,7,t,00:00.0,,,,,12:43.0,12:43.0,Fall,2020
754,7,t,00:00.0,,,,,12:43.0,12:43.0,Spring,2020
755,7,t,00:00.0,,,,,12:43.0,12:43.0,Fall,2020
756,7,t,00:00.0,,,,,12:43.0,12:43.0,Spring,2020
757,7,t,00:00.0,,,,,12:43.0,12:43.0,Fall,2020
758,7,t,00:00.0,,,,,12:43.0,12:43.0,Spring,2020
759,7,t,00:00.0,,,,,12:43.0,12:43.0,Fall,2020
760,7,t,00:00.0,,,,,12:43.0,12:43.0,Spring,2020
761,7,t,00:00.0,,,,,12:43.0,12:43.0,Fall,2020
762,7,t,00:00.0,,,,,12:43.0,12:43.0,Spring,2020
763,7,t,00:00.0,,,,,12:43.0,12:43.0,Fall,2020
764,7,t,00:00.0,,,,,12:43.0,12:43.0,Spring,2020
765,7,t,00:00.0,,,,,12:43.0,12:43.0,Fall,2020
766,7,t,00:00.0,,,,,12:43.0,12:43.0,Spring,2020
767,7,t,00:00.0,,,,,12:43.0,12:43.0,Fall,2020
768,7,t,00:00.0,,,,,12:43.0,12:43.0,Spring,2020
769,7,t,00:00.0,,,,,12:43.0,12:43.0,Fall,2020
770,7,t,00:00.0,,,,,12:43.0,12:43.0,Spring,2020
771,7,t,00:00.0,,,,,12:43.0,12:43.0,Fall,2020
772,7,t,00:00.0,,,,,12:43.0,12:43.0,Spring,2020
773,7,t,00:00.0,,,,,12:43.0,12:43.0,Fall,2020
774,7,t,00:00.0,,,,,12:43.0,12:43.0,Spring,2020
775,7,t,00:00.0,,,,,12:43.0,12:43.0,Fall,2020
776,7,t,00:00.0,,,,,12:43.0,12:43.0,Spring,2020
777,7,t,00:00.0,,,,,12:43.0,12:43.0,Fall,2020
778,7,t,00:00.0,,,,,12:43.0,12:43.0,Spring,2020
779,7,t,00:00.0,,,,,12:43.0,12:43.0,Fall,2020
780,7,t,00:00.0,,,,,12:43.0,12:43.0,Spring,2020
781,7,t,00:00.0,,,,,12:43.0,12:43.0,Fall,2020
782,7,t,00:00.0,,,,,12:43.0,12:43.0,Spring,2020
783,7,t,00:00.0,,,,,12:43.0,12:43.0,Fall,2020
784,7,t,00:00.0,,,,,12:43.0,12:43.0,Spring,2020
785,7,t,00:00.0,,,,,12:43.0,12:43.0,Fall,2020
786,7,t,00:00.0,,,,,12:43.0,12:43.0,Spring,2020
787,7,t,00:00.0,,,,,12:43.0,12:43.0,Fall,2020
788,7,t,00:00.0,,,,,12:43.0,12:43.0,Spring,2020
789,7,t,00:00.0,,,,,12:43.0,12:43.0,Fall,2020
790,7,t,00:00.0,,,,,12:43.0,12:43.0,Spring,2020
791,7,t,00:00.0,,,,,12:43.0,12:43.0,Fall,2020
792,7,t,00:00.0,,,,,12:43.0,12:43.0,Spring,2020
793,7,t,00:00.0,,,,,12:43.0,12:43.0,Fall,2020
794,7,t,00:00.0,,,,,12:43.0,12:43.0,Spring,2020
795,7,t,00:00.0,,,,,12:43.0,12:43.0,Fall,2020
796,7,t,00:00.0,,,,,12:43.0,12:43.0,Spring,2020
797,7,t,00:00.0,,,,,12:43.0,12:43.0,Fall,2020
798,7,t,00:00.0,,,,,12:43.0,12:43.0,Spring,2020
799,7,t,00:00.0,,,,,12:43.0,12:43.0,Fall,2020
800,7,t,00:00.0,,,,,12:43.0,12:43.0,Spring,2020
801,7,t,00:00.0,,,,,12:43.0,12:43.0,Fall,2020
802,7,t,00:00.0,,,,,12:43.0,12:43.0,Spring,2020
803,7,t,00:00.0,,,,,12:43.0,12:43.0,Fall,2020
804,7,t,00:00.0,,,,,12:43.0,12:43.0,Spring,2020
805,7,t,00:00.0,,,,,12:43.0,12:43.0,Fall,2020
806,7,t,00:00.0,,,,,12:43.0,12:43.0,Spring,2020
807,7,t,00:00.0,,,,,12:43.0,12:43.0,Fall,2020
808,7,t,00:00.0,,,,,12:43.0,12:43.0,Spring,2020
809,7,t,00:00.0,,,,,12:43.0,12:43.0,Fall,2020
810,7,t,00:00.0,,,,,12:43.0,12:43.0,Spring,2020
811,7,t,00:00.0,,,,,12:43.0,12:43.0,Fall,2020
812,7,t,00:00.0,,,,,12:43.0,12:43.0,Spring,2020
813,7,t,00:00.0,,,,,12:43.0,12:43.0,Fall,2020
814,7,t,00:00.0,,,,,12:43.0,12:43.0,Spring,2020
815,7,t,00:00.0,,,,,12:43.0,12:43.0,Fall,2020
816,7,t,00:00.0,,,,,12:43.0,12:43.0,Spring,2020
817,7,t,00:00.0,,,,,12:43.0,12:43.0,Fall,2020
818,7,t,00:00.0,,,,,12:43.0,12:43.0,Spring,2020
819,7,t,00:00.0,,,,,12:43.0,12:43.0,Fall,2020
820,7,t,00:00.0,,,,,12:43.0,12:43.0,Spring,2020
821,7,t,00:00.0,,,,,12:43.0,12:43.0,Fall,2020
822,7,t,00:00.0,,,,,12:43.0,12:43.0,Spring,2020
823,7,t,00:00.0,,,,,12:43.0,12:43.0,Fall,2020
824,7,t,00:00.0,,,,,12:43.0,12:43.0,Spring,2020
825,7,t,00:00.0,,,,,12:43.0,12:43.0,Fall,2020
826,7,t,00:00.0,,,,,12:43.0,12:43.0,Spring,2020
827,7,t,00:00.0,,,,,12:43.0,12:43.0,Fall,2020
828,7,t,00:00.0,,,,,12:43.0,12:43.0,Spring,2020
829,7,t,00:00.0,,,,,12:43.0,12:43.0,Fall,2020
830,7,t,00:00.0,,,,,12:43.0,12:43.0,Spring,2020
831,7,t,00:00.0,,,,,12:43.0,12:43.0,Fall,2020
832,7,t,00:00.0,,,,,12:43.0,12:43.0,Spring,2020
833,7,t,00:00.0,,,,,12:43.0,12:43.0,Fall,2020
834,7,t,00:00.0,,,,,12:43.0,12:43.0,Spring,2020
835,7,t,00:00.0,,,,,12:43.0,12:43.0,Fall,2020
836,7,t,00:00.0,,,,,12:43.0,12:43.0,Spring,2020
837,7,t,00:00.0,,,,,12:43.0,12:43.0,Fall,2020
838,7,t,00:00.0,,,,,12:43.0,12:43.0,Spring,2020
839,7,t,00:00.0,,,,,12:43.0,12:43.0,Fall,2020
840,7,t,00:00.0,,,,,12:43.0,12:43.0,Spring,2020
841,7,t,00:00.0,,,,,12:43.0,12:43.0,Fall,2020
842,7,t,00:00.0,,,,,12:43.0,12:43.0,Spring,2020
843,7,t,00:00.0,,,,,12:43.0,12:43.0,Fall,2020
844,7,t,00:00.0,,,,,12:43.0,12:43.0,Spring,2020
845,7,t,00:00.0,,,,,12:43.0,12:43.0,Fall,2020
846,7,t,00:00.0,,,,,12:43.0,12:43.0,Spring,2020
847,7,t,00:00.0,,,,,12:43.0,12:43.0,Fall,2020
848,7,t,00:00.0,,,,,12:43.0,12:43.0,Spring,2020
849,7,t,00:00.0,,,,,12:43.0,12:43.0,Fall,2020
850,7,t,00:00.0,,,,,12:43.0,12:43.0,Spring,2020
851,7,t,00:00.0,,,,,12:43.0,12:43.0,Fall,2020
852,7,t,00:00.0,,,,,12:43.0,12:43.0,Spring,2020
853,7,t,00:00.0,,,,,12:43.0,12:43.0,Fall,2020
854,7,t,00:00.0,,,,,12:43.0,12:43.0,Spring,2020
855,7,t,00:00.0,,,,,12:43.0,12:43.0,Fall,2020
856,7,t,00:00.0,,,,,12:43.0,12:43.0,Spring,2020
857,7,t,00:00.0,,,,,12:43.0,12:43.0,Fall,2020
858,7,t,00:00.0,,,,,12:43.0,12:43.0,Spring,2020
859,7,t,00:00.0,,,,,12:43.0,12:43.0,Fall,2020
860,7,t,00:00.0,,,,,12:43.0,12:43.0,Spring,2020
861,7,t,00:00.0,,,,,12:43.0,12:43.0,Fall,2020
862,7,t,00:00.0,,,,,12:43.0,12:43.0,Spring,2020
863,7,t,00:00.0,,,,,12:43.0,12:43.0,Fall,2020
864,7,t,00:00.0,,,,,12:43.0,12:43.0,Spring,2020
865,7,t,00:00.0,,,,,12:43.0,12:43.0,Fall,2020
866,7,t,00:00.0,,,,,12:43.0,12:43.0,Spring,2020
867,7,t,00:00.0,,,,,12:43.0,12:43.0,Fall,2020
868,7,t,00:00.0,,,,,12:43.0,12:43.0,Spring,2020
869,7,t,00:00.0,,,,,12:43.0,12:43.0,Fall,2020
870,7,t,00:00.0,,,,,12:43.0,12:43.0,Spring,2020
871,7,t,00:00.0,,,,,12:43.0,12:43.0,Fall,2020
872,7,t,00:00.0,,,,,12:43.0,12:43.0,Spring,2020
873,7,t,00:00.0,,,,,12:43.0,12:43.0,Fall,2020
874,7,t,00:00.0,,,,,12:43.0,12:43.0,Spring,2020
875,7,t,00:00.0,,,,,12:43.0,12:43.0,Fall,2020
876,7,t,00:00.0,,,,,12:43.0,12:43.0,Spring,2020
877,7,t,00:00.0,,,,,12:43.0,12:43.0,Fall,2020
878,7,t,00:00.0,,,,,12:43.0,12:43.0,Spring,2020
879,7,t,00:00.0,,,,,12:43.0,12:43.0,Fall,2020
880,7,t,00:00.0,,,,,12:43.0,12:43.0,Spring,2020
881,7,t,00:00.0,,,,,12:43.0,12:43.0,Fall,2020
882,7,t,00:00.0,,,,,12:43.0,12:43.0,Spring,2020
883,7,t,00:00.0,,,,,12:43.0,12:43.0,Fall,2020
884,7,t,00:00.0,,,,,12:43.0,12:43.0,Spring,2020
885,7,t,00:00.0,,,,,12:43.0,12:43.0,Fall,2020
886,7,t,00:00.0,,,,,12:43.0,12:43.0,Spring,2020
887,7,t,00:00.0,,,,,12:43.0,12:43.0,Fall,2020
888,7,t,00:00.0,,,,,12:43.0,12:43.0,Spring,2020
889,7,t,00:00.0,,,,,12:43.0,12:43.0,Fall,2020
890,7,t,00:00.0,,,,,12:43.0,12:43.0,Spring,2020
891,7,t,00:00.0,,,,,12:43.0,12:43.0,Fall,2020
892,7,t,00:00.0,,,,,12:43.0,12:43.0,Spring,2020
893,7,t,00:00.0,,,,,12:43.0,12:43.0,Fall,2020
894,7,t,00:00.0,,,,,12:43.0,12:43.0,Spring,2020
895,7,t,00:00.0,,,,,12:43.0,12:43.0,Fall,2020
896,7,t,00:00.0,,,,,12:43.0,12:43.0,Spring,2020
897,7,t,00:00.0,,,,,12:43.0,12:43.0,Fall,2020
898,7,t,00:00.0,,,,,12:43.0,12:43.0,Spring,2020
899,7,t,00:00.0,,,,,12:43.0,12:43.0,Fall,2020
900,8,t,00:00.0,,,,,12:43.0,12:43.0,Spring,2020
901,8,t,00:00.0,,,,,12:43.0,12:43.0,Fall,2020
902,8,t,00:00.0,,,,,12:43.0,12:43.0,Spring,2020
903,8,t,00:00.0,,,,,12:43.0,12:43.0,Fall,2020
904,8,t,00:00.0,,,,,12:43.0,12:43.0,Spring,2020
905,8,t,00:00.0,,,,,12:43.0,12:43.0,Fall,2020
906,8,t,00:00.0,,,,,12:43.0,12:43.0,Spring,2020
907,8,t,00:00.0,,,,,12:43.0,12:43.0,Fall,2020
908,8,t,00:00.0,,,,,12:43.0,12:43.0,Spring,2020
909,8,t,00:00.0,,,,,12:43.0,12:43.0,Fall,2020
910,8,t,00:00.0,,,,,12:43.0,12:43.0,Spring,2020
911,8,t,00:00.0,,,,,12:43.0,12:43.0,Fall,2020
912,8,t,00:00.0,,,,,12:43.0,12:43.0,Spring,2020
913,8,t,00:00.0,,,,,12:43.0,12:43.0,Fall,2020
914,8,t,00:00.0,,,,,12:43.0,12:43.0,Spring,2020
915,8,t,00:00.0,,,,,12:43.0,12:43.0,Fall,2020
916,8,t,00:00.0,,,,,12:43.0,12:43.0,Spring,2020
917,8,t,00:00.0,,,,,12:43.0,12:43.0,Fall,2020
918,8,t,00:00.0,,,,,12:43.0,12:43.0,Spring,2020
919,8,t,00:00.0,,,,,12:43.0,12:43.0,Fall,2020
920,8,t,00:00.0,,,,,12:43.0,12:43.0,Spring,2020
921,8,t,00:00.0,,,,,12:43.0,12:43.0,Fall,2020
922,8,t,00:00.0,,,,,12:43.0,12:43.0,Spring,2020
923,8,t,00:00.0,,,,,12:43.0,12:43.0,Fall,2020
924,8,t,00:00.0,,,,,12:43.0,12:43.0,Spring,2020
925,8,t,00:00.0,,,,,12:43.0,12:43.0,Fall,2020
926,8,t,00:00.0,,,,,12:43.0,12:43.0,Spring,2020
927,8,t,00:00.0,,,,,12:43.0,12:43.0,Fall,2020
928,8,t,00:00.0,,,,,12:43.0,12:43.0,Spring,2020
929,8,t,00:00.0,,,,,12:43.0,12:43.0,Fall,2020
930,8,t,00:00.0,,,,,12:43.0,12:43.0,Spring,2020
931,8,t,00:00.0,,,,,12:43.0,12:43.0,Fall,2020
932,8,t,00:00.0,,,,,12:43.0,12:43.0,Spring,2020
933,8,t,00:00.0,,,,,12:43.0,12:43.0,Fall,2020
934,8,t,00:00.0,,,,,12:43.0,12:43.0,Spring,2020
935,8,t,00:00.0,,,,,12:43.0,12:43.0,Fall,2020
936,8,t,00:00.0,,,,,12:43.0,12:43.0,Spring,2020
937,8,t,00:00.0,,,,,12:43.0,12:43.0,Fall,2020
938,8,t,00:00.0,,,,,12:43.0,12:43.0,Spring,2020
939,8,t,00:00.0,,,,,12:43.0,12:43.0,Fall,2020
940,8,t,00:00.0,,,,,12:43.0,12:43.0,Spring,2020
941,8,t,00:00.0,,,,,12:43.0,12:43.0,Fall,2020
942,8,t,00:00.0,,,,,12:43.0,12:43.0,Spring,2020
943,8,t,00:00.0,,,,,12:43.0,12:43.0,Fall,2020
944,8,t,00:00.0,,,,,12:43.0,12:43.0,Spring,2020
945,8,t,00:00.0,,,,,12:43.0,12:43.0,Fall,2020
946,8,t,00:00.0,,,,,12:43.0,12:43.0,Spring,2020
947,8,t,00:00.0,,,,,12:43.0,12:43.0,Fall,2020
948,8,t,00:00.0,,,,,12:43.0,12:43.0,Spring,2020
949,8,t,00:00.0,,,,,12:43.0,12:43.0,Fall,2020
950,8,t,00:00.0,,,,,12:43.0,12:43.0,Spring,2020
951,8,t,00:00.0,,,,,12:43.0,12:43.0,Fall,2020
952,8,t,00:00.0,,,,,12:43.0,12:43.0,Spring,2020
953,8,t,00:00.0,,,,,12:43.0,12:43.0,Fall,2020
954,8,t,00:00.0,,,,,12:43.0,12:43.0,Spring,2020
955,8,t,00:00.0,,,,,12:43.0,12:43.0,Fall,2020
956,8,t,00:00.0,,,,,12:43.0,12:43.0,Spring,2020
957,8,t,00:00.0,,,,,12:43.0,12:43.0,Fall,2020
958,8,t,00:00.0,,,,,12:43.0,12:43.0,Spring,2020
959,8,t,00:00.0,,,,,12:43.0,12:43.0,Fall,2020
960,8,t,00:00.0,,,,,12:43.0,12:43.0,Spring,2020
961,8,t,00:00.0,,,,,12:43.0,12:43.0,Fall,2020
962,8,t,00:00.0,,,,,12:43.0,12:43.0,Spring,2020
963,8,t,00:00.0,,,,,12:43.0,12:43.0,Fall,2020
964,8,t,00:00.0,,,,,12:43.0,12:43.0,Spring,2020
965,8,t,00:00.0,,,,,12:43.0,12:43.0,Fall,2020
966,8,t,00:00.0,,,,,12:43.0,12:43.0,Spring,2020
967,8,t,00:00.0,,,,,12:43.0,12:43.0,Fall,2020
968,8,t,00:00.0,,,,,12:43.0,12:43.0,Spring,2020
969,8,t,00:00.0,,,,,12:43.0,12:43.0,Fall,2020
970,8,t,00:00.0,,,,,12:43.0,12:43.0,Spring,2020
971,8,t,00:00.0,,,,,12:43.0,12:43.0,Fall,2020
972,8,t,00:00.0,,,,,12:43.0,12:43.0,Spring,2020
973,8,t,00:00.0,,,,,12:43.0,12:43.0,Fall,2020
974,8,t,00:00.0,,,,,12:43.0,12:43.0,Spring,2020
975,8,t,00:00.0,,,,,12:43.0,12:43.0,Fall,2020
976,8,t,00:00.0,,,,,12:43.0,12:43.0,Spring,2020
977,8,t,00:00.0,,,,,12:43.0,12:43.0,Fall,2020
978,8,t,00:00.0,,,,,12:43.0,12:43.0,Spring,2020
979,8,t,00:00.0,,,,,12:43.0,12:43.0,Fall,2020
980,8,t,00:00.0,,,,,12:43.0,12:43.0,Spring,2020
981,8,t,00:00.0,,,,,12:43.0,12:43.0,Fall,2020
982,8,t,00:00.0,,,,,12:43.0,12:43.0,Spring,2020
983,8,t,00:00.0,,,,,12:43.0,12:43.0,Fall,2020
984,8,t,00:00.0,,,,,12:43.0,12:43.0,Spring,2020
985,8,t,00:00.0,,,,,12:43.0,12:43.0,Fall,2020
986,8,t,00:00.0,,,,,12:43.0,12:43.0,Spring,2020
987,8,t,00:00.0,,,,,12:43.0,12:43.0,Fall,2020
988,8,t,00:00.0,,,,,12:43.0,12:43.0,Spring,2020
989,8,t,00:00.0,,,,,12:43.0,12:43.0,Fall,2020
990,8,t,00:00.0,,,,,12:43.0,12:43.0,Spring,2020
991,8,t,00:00.0,,,,,12:43.0,12:43.0,Fall,2020
992,8,t,00:00.0,,,,,12:43.0,12:43.0,Spring,2020
993,8,t,00:00.0,,,,,12:43.0,12:43.0,Fall,2020
994,8,t,00:00.0,,,,,12:43.0,12:43.0,Spring,2020
995,8,t,00:00.0,,,,,12:43.0,12:43.0,Fall,2020
996,8,t,00:00.0,,,,,12:43.0,12:43.0,Spring,2020
997,8,t,00:00.0,,,,,12:43.0,12:43.0,Fall,2020
998,8,t,00:00.0,,,,,12:43.0,12:43.0,Spring,2020
999,8,t,00:00.0,,,,,12:43.0,12:43.0,Fall,2020
1000,61,t,00:00.0,,,,,12:43.0,12:43.0,Fall,2020